<?xml version="1.0" encoding="utf-8"?>
<CloudConfig>
  <CloudConfigVersion>103</CloudConfigVersion>
  <RequiredGameBuildVersion>2</RequiredGameBuildVersion>
  <EULAVersion>2</EULAVersion>

  <FeatureFlags>
    <LeaderboardsEnabled>true</LeaderboardsEnabled>
  </FeatureFlags>

  <EventLogDispatcher>
	<!-- DATASET_PLAYER -->
	<TelemetryItem Name="DATASET_PLAYER" DemonwareId="10001" DemonwareCompression="true" OnlineDiagnosticsId="DATASET_PLAYER" >
      <Session Name="SESSION_GAME">
        <Element Name="TELEMETRY_SESSIONID" DispatchName="sessionid"/>
        <Element Name="TELEMETRY_DWID" DispatchName="DWID"/>
        <Element Name="TELEMETRY_BRANCH_NAME" DispatchName="branchprefix"/>
        <Element Name="TELEMETRY_LANGUAGE" DispatchName="language"/>
        <Element Name="TELEMETRY_PLAYER_PLACEHOLDER_4" DispatchName="internetspeed"/>
        <Element Name="TELEMETRY_UNO_ID" DispatchName="uno_id"/>
      </Session>
      <Session Name="SESSION_SETTINGS">
        <Element Name="TELEMETRY_SETTINGS_AUDIO_SYSTEM_SPATIAL_LAYOUT" DispatchName="supportedspeakers"/>
        <Element Name="TELEMETRY_SETTINGS_SELECTED_SPEAKERS" DispatchName="selectedspeakers"/>
        <Element Name="TELEMETRY_SETTINGS_DYNAMIC_RANGE" DispatchName="dynamicrange"/>
        <Element Name="TELEMETRY_SETTINGS_GUITAR_VOLUME" DispatchName="guitarvolume"/>
        <Element Name="TELEMETRY_SETTINGS_BAND_VOLUME" DispatchName="bandvolume"/>
        <Element Name="TELEMETRY_SETTINGS_CROWD_VOLUME" DispatchName="crowdvolume"/>
        <Element Name="TELEMETRY_SETTINGS_SFX_VOLUME" DispatchName="sfxvolume"/>
        <Element Name="TELEMETRY_SETTINGS_MIC_VOLUME" DispatchName="micvolume"/>
      </Session>
      <Session Name="Online Data">
        <Element Name="GeoLocCountry" DispatchName="countryname"/>
      </Session>
    </TelemetryItem>
	
	<!-- DATASET_MAIN -->
	<TelemetryItem Name="DATASET_MAIN" DemonwareId="10002" DemonwareCompression="true">
      <Session Name="SESSION_GAME">
        <Element Name="TELEMETRY_SESSIONID" DispatchName="sessionid"/>
        <Element Name="TELEMETRY_DWID" DispatchName="DWID"/>
        <Element Name="TELEMETRY_WRITE_DATETIME" DispatchName="datetime"/>
        <Element Name="TELEMETRY_CHANGELIST" DispatchName="CLNumber"/>
        <Element Name="TELEMETRY_CLOUDCONFIG_VERSION" DispatchName="cloudconfig_ver"/>
        <Element Name="TELEMETRY_CONSOLE_ID" DispatchName="consoleid"/>
        <Element Name="TELEMETRY_OS_VERSION" DispatchName="os_version"/>
        <Element Name="TELEMETRY_ABTESTGROUP" DispatchName="abtestgroup"/>
      </Session>
    </TelemetryItem>
	
	<!-- DATASET_GH_LIVE -->
	<TelemetryItem Name="DATASET_GH_LIVE" DemonwareId="10003" DemonwareCompression="true">
      <Session Name="SESSION_GAME">
        <Element Name="TELEMETRY_SESSIONID" DispatchName="sessionId"/>
        <Element Name="TELEMETRY_DWID" DispatchName="DWID"/>
        <Element Name="TELEMETRY_WRITE_DATETIME" DispatchName="datetime"/>
        <Element Name="TELEMETRY_GAMEMODE" DispatchName="gamemode"/>
        <Element Name="TELEMETRY_SETLIST_ID" DispatchName="setlistId"/>
        <Element Name="TELEMETRY_SETLIST_TYPE" DispatchName="setlistType"/>
      </Session>
	  <Session Name="SESSION_GHTV_METAGAME">
        <Element Name="TELEMETRY_SUPERSTAR_STATUS_CURRENT" DispatchName="level"/>
        <Element Name="TELEMETRY_SUPERSTAR_XP_TOTAL" DispatchName="XP"/>
      </Session>
      <Session Name="SESSION_CALIBRATION">
        <Element Name="TELEMETRY_AUDIO_CALIBRATION"             DispatchName="audiooffset"/>
        <Element Name="TELEMETRY_VIDEO_CALIBRATION"             DispatchName="videooffset"/>
      </Session>
    <SessionSearch ElementName="TELEMETRY_VOCALS_STATS" ElementContents="VocalStats" DispatchName="VocalStats">
        <Element Name="TELEMETRY_VOCALS_HARMONIC_RICHNESS"              DispatchName="harmonicbonus"/>
        <Element Name="TELEMETRY_VOCALS_HARMONIC_RICHNESS_MEAN"         DispatchName="mean_harmonic"/>
        <Element Name="TELEMETRY_VOCALS_HARMONIC_RICHNESS_STDDEV"       DispatchName="stddev_harmonic"/>
        <Element Name="TELEMETRY_VOCALS_PERCENTAGE_PHRASES_HIT_MEAN"    DispatchName="mean_pcentphrase"/>
        <Element Name="TELEMETRY_VOCALS_PERCENTAGE_PHRASES_HIT_STDDEV"  DispatchName="stddev_pcentphrase"/>
        <Element Name="TELEMETRY_VOCALS_PERCENTAGE_RAP_HIT"             DispatchName="pcent_raphit"/>
        <Element Name="TELEMETRY_VOCALS_PITCH_TUNING_STDDEV"            DispatchName="stddev_tuning"/>
        <Element Name="TELEMETRY_VOCALS_PERCENT_SUNG" 					DispatchName="pcent_sung"/>
    </SessionSearch>
	  <SessionSearch ElementName="TELEMETRY_TRACK_STATS" ElementContents="TrackStats" DispatchName="PerPlayerTrackStats">
        <Element Name="TELEMETRY_PLAYERINDEX" DispatchName="playerIndex"/>
        <Element Name="TELEMETRY_PLAYERLEFTGRIP" DispatchName="LeftGrip"/>
		<Element Name="TELEMETRY_PLAYERDIFFICULTYCHANGED" DispatchName="difficultyLevelChanged"/>
		<Element Name="TELEMETRY_PLAYERDIFFICULTY" DispatchName="difficultyLevel"/>
		<Element Name="TELEMETRY_TRACK_START_DIFFICULTY" DispatchName="start_difficulty"/>
		<Element Name="TELEMETRY_PLAYERROLE" DispatchName="playerRole"/>
        <Element Name="TELEMETRY_TRACK_ID" DispatchName="trackId"/>
        <Element Name="TELEMETRY_HIGHEST_MULTIPLIER" DispatchName="highestMultiplier"/>
        <Element Name="TELEMETRY_SCORE" DispatchName="score"/>
        <Element Name="TELEMETRY_STARS" DispatchName="stars"/>
        <Element Name="TELEMETRY_HIGHEST_STREAK" DispatchName="highestStreak"/>
        <Element Name="TELEMETRY_TRACK_HIT_PERCENTAGE" DispatchName="trackHitPercentage"/>
        <Element Name="TELEMETRY_END_REASON" DispatchName="endReason"/>
        <Element Name="TELEMETRY_TIME_LISTENED" DispatchName="timeListened"/>
        <Element Name="TELEMETRY_TIME_PLAYED" DispatchName="timePlayed"/>
        <Element Name="TELEMETRY_TRACK_HOT_START" DispatchName="hotstart"/>
        <Element Name="TELEMETRY_TRACK_STRONG_FINISH" DispatchName="strongfinish"/>
        <Element Name="TELEMETRY_TRACK_FULL_COMBO" DispatchName="fullcombo"/>
        <Element Name="TELEMETRY_AVERAGE_MULTIPLIER" DispatchName="meanmultiplier"/>
        <Element Name="TELEMETRY_AVERAGE_STREAK" DispatchName="meanstreak"/>
        <Element Name="TELEMETRY_NOTES_MISSED" DispatchName="notesmissed"/>
        <Element Name="TELEMETRY_CROWD_POSITIVE_PERCENTAGE" DispatchName="posi_crowd"/>
        <Element Name="TELEMETRY_CROWD_NEGATIVE_PERCENTAGE" DispatchName="neg_crowd"/>
        <Element Name="TELEMETRY_TRACK_PLACEHOLDER_1" DispatchName="skipintro"/>
        <Element Name="TELEMETRY_STREAK_25" DispatchName="streak_25"/>
        <Element Name="TELEMETRY_STREAK_50" DispatchName="streak_50"/>
        <Element Name="TELEMETRY_STREAK_100" DispatchName="streak_100"/>
        <Element Name="TELEMETRY_STREAK_250" DispatchName="streak_250"/>
        <Element Name="TELEMETRY_STREAK_500" DispatchName="streak_500"/>
		<Element Name="TELEMETRY_REWARD_SESSION_ID" DispatchName="reward_session"/>
      </SessionSearch>
    </TelemetryItem>
	
	<!-- DATASET_BROADCAST -->
	<TelemetryItem Name="DATASET_BROADCAST" DemonwareId="10004" DemonwareCompression="true">
      <Session Name="SESSION_GAME">
        <Element Name="TELEMETRY_SESSIONID" DispatchName="sessionId"/>
        <Element Name="TELEMETRY_DWID" DispatchName="DWID"/>
        <Element Name="TELEMETRY_WRITE_DATETIME" DispatchName="datetime"/>
        <Element Name="TELEMETRY_GAMEMODE" DispatchName="gamemode"/>
		<Element Name="TELEMETRY_MARKETPLACE_HERO_CASH" DispatchName="herocash"/>
		<Element Name="TELEMETRY_MARKETPLACE_COINS" DispatchName="coins"/>
        <Element Name="TELEMETRY_MARKETPLACE_PLAY_TOKENS" DispatchName="tokens"/>
        <Element Name="TELEMETRY_BRANCH_NAME" DispatchName="branchprefix"/>
      </Session>
      <Session Name="SESSION_CALIBRATION">
        <Element Name="TELEMETRY_AUDIO_CALIBRATION"             DispatchName="audiooffset"/>
        <Element Name="TELEMETRY_VIDEO_CALIBRATION"             DispatchName="videooffset"/>
      </Session>
	  <Session Name="SESSION_GHTV_CUSTOMISATIONS">
        <Element Name="TELEMETRY_CUSTOMISATION_HIGHWAY" DispatchName="highway"/>
        <Element Name="TELEMETRY_CUSTOMISATION_PLAYERCARD" DispatchName="playerCard"/>
      </Session>
	  <SessionSearch ElementName="TELEMETRY_TRACK_STATS" ElementContents="TrackStats" DispatchName="PerPlayerTrackStats">
        <Element Name="TELEMETRY_PLAYERINDEX" DispatchName="playerIndex"/>
        <Element Name="TELEMETRY_PLAYERLEFTGRIP" DispatchName="LeftGrip"/>
		<Element Name="TELEMETRY_PLAYERDIFFICULTYCHANGED" DispatchName="difficultyLevelChanged"/>
		<Element Name="TELEMETRY_PLAYERDIFFICULTY" DispatchName="difficultyLevel"/>
		<Element Name="TELEMETRY_AUDIT_LOG_FAILURE" DispatchName="auditLogFailureReason"/>
		<Element Name="TELEMETRY_TRACK_START_DIFFICULTY" DispatchName="start_difficulty"/>
        <Element Name="TELEMETRY_PLAYERROLE" DispatchName="playerRole"/>
        <Element Name="TELEMETRY_TRACK_ID" DispatchName="trackId"/>
        <Element Name="TELEMETRY_HIGHEST_MULTIPLIER" DispatchName="highestMultiplier"/>
        <Element Name="TELEMETRY_SCORE" DispatchName="score"/>
        <Element Name="TELEMETRY_STARS" DispatchName="stars"/>
        <Element Name="TELEMETRY_HIGHEST_STREAK" DispatchName="highestStreak"/>
        <Element Name="TELEMETRY_TRACK_HIT_PERCENTAGE" DispatchName="trackHitPercentage"/>
        <Element Name="TELEMETRY_TIME_LISTENED" DispatchName="timeListened"/>
        <Element Name="TELEMETRY_TIME_PLAYED" DispatchName="timePlayed"/>
        <Element Name="TELEMETRY_CHANNELID" DispatchName="channelID"/>
        <Element Name="TELEMETRY_SHOWID" DispatchName="showID"/>
        <Element Name="TELEMETRY_FINISH_POSITION" DispatchName="ranking"/>
        <Element Name="TELEMETRY_TRACK_HOT_START" DispatchName="hotstart"/>
        <Element Name="TELEMETRY_TRACK_STRONG_FINISH" DispatchName="strongfinish"/>
        <Element Name="TELEMETRY_TRACK_FULL_COMBO" DispatchName="fullcombo"/>
        <Element Name="TELEMETRY_AVERAGE_MULTIPLIER" DispatchName="meanmultiplier"/>
        <Element Name="TELEMETRY_AVERAGE_STREAK" DispatchName="meanstreak"/>
        <Element Name="TELEMETRY_STREAK_25" DispatchName="streak_25"/>
        <Element Name="TELEMETRY_STREAK_50" DispatchName="streak_50"/>
        <Element Name="TELEMETRY_STREAK_100" DispatchName="streak_100"/>
        <Element Name="TELEMETRY_STREAK_250" DispatchName="streak_250"/>
        <Element Name="TELEMETRY_STREAK_500" DispatchName="streak_500"/>
        <Element Name="TELEMETRY_TRACK_START_LEVEL" DispatchName="start_level"/>
        <Element Name="TELEMETRY_TRACK_START_XP" DispatchName="start_xp"/>
        <Element Name="TELEMETRY_TRACK_PLACEHOLDER_29" DispatchName="broadcastid"/>
        <Element Name="TELEMETRY_TRACK_PLACEHOLDER_30" DispatchName="bctype"/>
        <Element Name="TELEMETRY_TRACK_PLACEHOLDER_31" DispatchName="hud"/>
        <Element Name="TELEMETRY_TRACK_PLACEHOLDER_32" DispatchName="host"/>
		<Element Name="TELEMETRY_REWARD_SESSION_ID" DispatchName="reward_session"/>
        <Element Name="TELEMETRY_TRACK_PLACEHOLDER_25" DispatchName="play_reason"/>
      </SessionSearch>
    </TelemetryItem>
	
	<!-- DATASET_ONDEMAND -->
	<TelemetryItem Name="DATASET_ONDEMAND" DemonwareId="10005" DemonwareCompression="true">
      <Session Name="SESSION_GAME">
        <Element Name="TELEMETRY_SESSIONID" DispatchName="sessionId"/>
        <Element Name="TELEMETRY_DWID" DispatchName="DWID"/>
        <Element Name="TELEMETRY_WRITE_DATETIME" DispatchName="datetime"/>
        <Element Name="TELEMETRY_GAMEMODE" DispatchName="gamemode"/>
		<Element Name="TELEMETRY_MARKETPLACE_HERO_CASH" DispatchName="herocash"/>
		<Element Name="TELEMETRY_MARKETPLACE_COINS" DispatchName="coins"/>
        <Element Name="TELEMETRY_MARKETPLACE_PLAY_TOKENS" DispatchName="tokens"/>
        <Element Name="TELEMETRY_BRANCH_NAME" DispatchName="branchprefix"/>
      </Session>
      <Session Name="SESSION_CALIBRATION">
        <Element Name="TELEMETRY_AUDIO_CALIBRATION"             DispatchName="audiooffset"/>
        <Element Name="TELEMETRY_VIDEO_CALIBRATION"             DispatchName="videooffset"/>
      </Session>
	  <Session Name="SESSION_GHTV_CUSTOMISATIONS">
        <Element Name="TELEMETRY_CUSTOMISATION_HIGHWAY" DispatchName="highway"/>
        <Element Name="TELEMETRY_CUSTOMISATION_PLAYERCARD" DispatchName="playerCard"/>
      </Session>
	  <SessionSearch ElementName="TELEMETRY_TRACK_STATS" ElementContents="TrackStats" DispatchName="PerPlayerTrackStats">
        <Element Name="TELEMETRY_PLAYERINDEX" DispatchName="playerIndex"/>
        <Element Name="TELEMETRY_PLAYERLEFTGRIP" DispatchName="LeftGrip"/>
		<Element Name="TELEMETRY_PLAYERDIFFICULTYCHANGED" DispatchName="difficultyLevelChanged"/>
		<Element Name="TELEMETRY_PLAYERDIFFICULTY" DispatchName="difficultyLevel"/>
		<Element Name="TELEMETRY_AUDIT_LOG_FAILURE" DispatchName="auditLogFailureReason"/>
		<Element Name="TELEMETRY_TRACK_START_DIFFICULTY" DispatchName="start_difficulty"/>
        <Element Name="TELEMETRY_PLAYERROLE" DispatchName="playerRole"/>
        <Element Name="TELEMETRY_TRACK_ID" DispatchName="trackId"/>
        <Element Name="TELEMETRY_HIGHEST_MULTIPLIER" DispatchName="highestMultiplier"/>
        <Element Name="TELEMETRY_SCORE" DispatchName="score"/>
        <Element Name="TELEMETRY_STARS" DispatchName="stars"/>
        <Element Name="TELEMETRY_HIGHEST_STREAK" DispatchName="highestStreak"/>
        <Element Name="TELEMETRY_TRACK_HIT_PERCENTAGE" DispatchName="trackHitPercentage"/>
        <Element Name="TELEMETRY_TIME_LISTENED" DispatchName="timeListened"/>
        <Element Name="TELEMETRY_TIME_PLAYED" DispatchName="timePlayed"/>
        <Element Name="TELEMETRY_CHANNELID" DispatchName="channelID"/>
        <Element Name="TELEMETRY_SHOWID" DispatchName="showID"/>
        <Element Name="TELEMETRY_FINISH_POSITION" DispatchName="ranking"/>
        <Element Name="TELEMETRY_TRACK_HOT_START" DispatchName="hotstart"/>
        <Element Name="TELEMETRY_TRACK_STRONG_FINISH" DispatchName="strongfinish"/>
        <Element Name="TELEMETRY_TRACK_FULL_COMBO" DispatchName="fullcombo"/>
        <Element Name="TELEMETRY_AVERAGE_MULTIPLIER" DispatchName="meanmultiplier"/>
        <Element Name="TELEMETRY_AVERAGE_STREAK" DispatchName="meanstreak"/>
        <Element Name="TELEMETRY_STREAK_25" DispatchName="streak_25"/>
        <Element Name="TELEMETRY_STREAK_50" DispatchName="streak_50"/>
        <Element Name="TELEMETRY_STREAK_100" DispatchName="streak_100"/>
        <Element Name="TELEMETRY_STREAK_250" DispatchName="streak_250"/>
        <Element Name="TELEMETRY_STREAK_500" DispatchName="streak_500"/>
        <Element Name="TELEMETRY_TRACK_START_LEVEL" DispatchName="start_level"/>
        <Element Name="TELEMETRY_TRACK_START_XP" DispatchName="start_xp"/>
        <Element Name="TELEMETRY_FAVOURITE_TRACK" DispatchName="favourite"/>
		<Element Name="TELEMETRY_REWARD_SESSION_ID" DispatchName="reward_session"/>
      </SessionSearch>
    </TelemetryItem>
	
	<!-- DATASET_GH_TV -->
	<TelemetryItem Name="DATASET_GH_TV" DemonwareId="10006" DemonwareCompression="true" OnlineDiagnosticsId="DATASET_GH_TV" >
      <Session Name="SESSION_GAME">
        <Element Name="TELEMETRY_SESSIONID" DispatchName="sessionId"/>
        <Element Name="TELEMETRY_DWID" DispatchName="DWID"/>
        <Element Name="TELEMETRY_WRITE_DATETIME" DispatchName="datetime"/>
        <Element Name="TELEMETRY_GAMEMODE" DispatchName="gamemode"/>
		<Element Name="TELEMETRY_MARKETPLACE_HERO_CASH" DispatchName="herocash"/>
		<Element Name="TELEMETRY_MARKETPLACE_COINS" DispatchName="coins"/>
        <Element Name="TELEMETRY_MARKETPLACE_PLAY_TOKENS" DispatchName="tokens"/>
        <Element Name="TELEMETRY_BRANCH_NAME" DispatchName="branchprefix"/>
      </Session>
	  <Session Name="SESSION_VIP">
        <Element Name="TELEMETRY_VIPSTATUS_CURRENT" DispatchName="currentVIPStatus"/>
        <Element Name="TELEMETRY_VIPSTATUS_MAX" 	DispatchName="maxVIPStatus"/>
      </Session>
      <Session Name="SESSION_CALIBRATION">
        <Element Name="TELEMETRY_AUDIO_CALIBRATION"             DispatchName="audiooffset"/>
        <Element Name="TELEMETRY_VIDEO_CALIBRATION"             DispatchName="videooffset"/>
      </Session>
	  <Session Name="SESSION_GHTV_CUSTOMISATIONS">
        <Element Name="TELEMETRY_CUSTOMISATION_HIGHWAY" DispatchName="highway"/>
        <Element Name="TELEMETRY_CUSTOMISATION_PLAYERCARD" DispatchName="playerCard"/>
      </Session>
	   <Session Name="SESSION_SETTINGS">
        <Element Name="TELEMETRY_SETTINGS_RIVALS_CHALLENGE" DispatchName="rivaloption"/>
      </Session>
      <Session Name="SESSION_GHTV_METAGAME">
        <Element Name="TELEMETRY_RIVALS_ARENA_RANK" DispatchName="arenarank"/>
      </Session>
      <Session Name="SESSION_GHTV_METAGAME">
        <Element Name="TELEMETRY_SUPERSTAR_PLAYER_SKILL" DispatchName="playerskill"/>
      </Session>
      <Session Name="Online Data">
        <Element Name="LastPlayerCountReported" DispatchName="sessionplayercount"/>
      </Session>
      <SessionSearch ElementName="TELEMETRY_VOCALS_STATS" ElementContents="VocalStats" DispatchName="VocalStats">
		<Element Name="TELEMETRY_VOCALS_HARMONIC_RICHNESS"              DispatchName="harmonicbonus"/>
		<Element Name="TELEMETRY_VOCALS_HARMONIC_RICHNESS_MEAN"         DispatchName="mean_harmonic"/>
		<Element Name="TELEMETRY_VOCALS_HARMONIC_RICHNESS_STDDEV"       DispatchName="stddev_harmonic"/>
		<Element Name="TELEMETRY_VOCALS_PERCENTAGE_PHRASES_HIT_MEAN"    DispatchName="mean_pcentphrase"/>
		<Element Name="TELEMETRY_VOCALS_PERCENTAGE_PHRASES_HIT_STDDEV"  DispatchName="stddev_pcentphrase"/>
        <Element Name="TELEMETRY_VOCALS_PERCENTAGE_RAP_HIT"             DispatchName="pcent_raphit"/>
        <Element Name="TELEMETRY_VOCALS_PITCH_TUNING_STDDEV"            DispatchName="stddev_tuning"/>
        <Element Name="TELEMETRY_VOCALS_PERCENT_SUNG" 					DispatchName="pcent_sung"/>
	  </SessionSearch>
	  <SessionSearch ElementName="TELEMETRY_TRACK_STATS" ElementContents="TrackStats" DispatchName="PerPlayerTrackStats">
        <Element Name="TELEMETRY_PLAYERINDEX" DispatchName="playerIndex"/>
        <Element Name="TELEMETRY_PLAYERLEFTGRIP" DispatchName="LeftGrip"/>
		<Element Name="TELEMETRY_PLAYERDIFFICULTYCHANGED" DispatchName="difficultyLevelChanged"/>
		<Element Name="TELEMETRY_PLAYERDIFFICULTY" DispatchName="difficultyLevel"/>
		<Element Name="TELEMETRY_AUDIT_LOG_FAILURE" DispatchName="auditLogFailureReason"/>
		<Element Name="TELEMETRY_TRACK_START_DIFFICULTY" DispatchName="start_difficulty"/>
        <Element Name="TELEMETRY_PLAYERROLE" DispatchName="playerRole"/>
        <Element Name="TELEMETRY_TRACK_ID" DispatchName="trackId"/>
        <Element Name="TELEMETRY_TRACK_START_TIME" DispatchName="trackStartTime"/>
        <Element Name="TELEMETRY_HIGHEST_MULTIPLIER" DispatchName="highestMultiplier"/>
        <Element Name="TELEMETRY_SCORE" DispatchName="score"/>
        <Element Name="TELEMETRY_STARS" DispatchName="stars"/>
        <Element Name="TELEMETRY_HIGHEST_STREAK" DispatchName="highestStreak"/>
        <Element Name="TELEMETRY_TRACK_HIT_PERCENTAGE" DispatchName="trackHitPercentage"/>
        <Element Name="TELEMETRY_END_REASON" DispatchName="endReason"/>
        <Element Name="TELEMETRY_TIME_LISTENED" DispatchName="timeListened"/>
        <Element Name="TELEMETRY_TIME_PLAYED" DispatchName="timePlayed"/>
        <Element Name="TELEMETRY_CHANNELID" DispatchName="channelID"/>
        <Element Name="TELEMETRY_SHOWID" DispatchName="showID"/>
        <Element Name="TELEMETRY_FINISH_POSITION" DispatchName="ranking"/>
        <Element Name="TELEMETRY_TRACK_HOT_START" DispatchName="hotstart"/>
        <Element Name="TELEMETRY_TRACK_STRONG_FINISH" DispatchName="strongfinish"/>
        <Element Name="TELEMETRY_TRACK_FULL_COMBO" DispatchName="fullcombo"/>
        <Element Name="TELEMETRY_AVERAGE_MULTIPLIER" DispatchName="meanmultiplier"/>
        <Element Name="TELEMETRY_AVERAGE_STREAK" DispatchName="meanstreak"/>
        <Element Name="TELEMETRY_STREAK_25" DispatchName="streak_25"/>
        <Element Name="TELEMETRY_STREAK_50" DispatchName="streak_50"/>
        <Element Name="TELEMETRY_STREAK_100" DispatchName="streak_100"/>
        <Element Name="TELEMETRY_STREAK_250" DispatchName="streak_250"/>
        <Element Name="TELEMETRY_STREAK_500" DispatchName="streak_500"/>
		<Element Name="TELEMETRY_MATCH_MAKING_ID" DispatchName="matchmakingid"/>
		<Element Name="TELEMETRY_CONNECT_TO_SERVER_TIME" DispatchName="Connect to Server Time"/>
        <Element Name="TELEMETRY_DISCONNECT_FROM_SERVER_TIME" DispatchName="Disconnect from Server Time"/>
		<Element Name="TELEMETRY_TRACK_START_LEVEL" DispatchName="start_level"/>
        <Element Name="TELEMETRY_TRACK_START_XP" DispatchName="start_xp"/>
		<Element Name="TELEMETRY_REWARD_SESSION_ID" DispatchName="reward_session"/>
        <Element Name="TELEMETRY_TRACK_MIDSONGPICKUP" DispatchName="midsongpickup"/>
        <Element Name="TELEMETRY_RIVAL_DWID" DispatchName="rivalID"/>
        <Element Name="TELEMETRY_RIVAL_MATCH" DispatchName="rivalmatch"/>
        <Element Name="TELEMETRY_RIVAL_SKILL_DIFFERENCE" DispatchName="rivalskilldifference"/>
        <Element Name="TELEMETRY_RIVAL_TRACK" DispatchName="rivalstrack"/>
        <Element Name="TELEMETRY_RIVAL_ELIGIBLE" DispatchName="rivalseligible"/>
        <Element Name="TELEMETRY_RIVAL_RESULT" DispatchName="rivalsResult"/>
        <Element Name="TELEMETRY_RIVAL_ARENA_ACTIVE" DispatchName="rivalArenaActive"/>
        <Element Name="TELEMETRY_RIVAL_ARENA_CURRENT_SEASON_ID" DispatchName="rivalArenaSeasonId"/>
        <Element Name="TELEMETRY_RIVAL_ARENA_CURRENT_LEADERBOARD_ID" DispatchName="rivalArenaLeaderboardId"/>
        <Element Name="TELEMETRY_TRACK_PLACEHOLDER_16" DispatchName="challengetype"/>
        <Element Name="TELEMETRY_TRACK_PLACEHOLDER_18" DispatchName="friendsonline"/>
        <Element Name="TELEMETRY_FAVOURITE_TRACK" DispatchName="favourite"/>
		<Element Name="TELEMETRY_TRACK_REAL_PLAYERS_IN_TOTEM_SESSION" DispatchName="realPlayersInTotemSession"/>
      </SessionSearch>
    </TelemetryItem>
	
	<!-- DATASET_PREMIUM -->
	<TelemetryItem Name="DATASET_PREMIUM" DemonwareId="10007" DemonwareCompression="true">
      <Session Name="SESSION_GAME">
        <Element Name="TELEMETRY_SESSIONID" DispatchName="sessionId"/>
        <Element Name="TELEMETRY_DWID" DispatchName="DWID"/>
        <Element Name="TELEMETRY_WRITE_DATETIME" DispatchName="datetime"/>
        <Element Name="TELEMETRY_GAMEMODE" DispatchName="gamemode"/>
		<Element Name="TELEMETRY_MARKETPLACE_HERO_CASH" DispatchName="herocash"/>
		<Element Name="TELEMETRY_MARKETPLACE_COINS" DispatchName="coins"/>
        <Element Name="TELEMETRY_MARKETPLACE_PLAY_TOKENS" DispatchName="tokens"/>
        <Element Name="TELEMETRY_BRANCH_NAME" DispatchName="branchprefix"/>
      </Session>
	  <Session Name="SESSION_GHTV_METAGAME">
        <Element Name="TELEMETRY_SUPERSTAR_MAX_TIER" DispatchName="tier"/>
      </Session>
      <Session Name="SESSION_CALIBRATION">
        <Element Name="TELEMETRY_AUDIO_CALIBRATION"             DispatchName="audiooffset"/>
        <Element Name="TELEMETRY_VIDEO_CALIBRATION"             DispatchName="videooffset"/>
      </Session>
	  <Session Name="SESSION_GHTV_CUSTOMISATIONS">
        <Element Name="TELEMETRY_CUSTOMISATION_HIGHWAY" DispatchName="highway"/>
        <Element Name="TELEMETRY_CUSTOMISATION_PLAYERCARD" DispatchName="playerCard"/>
      </Session>
	  <SessionSearch ElementName="TELEMETRY_TRACK_STATS" ElementContents="TrackStats" DispatchName="PerPlayerTrackStats">
        <Element Name="TELEMETRY_PLAYERINDEX" DispatchName="playerIndex"/>
        <Element Name="TELEMETRY_PLAYERLEFTGRIP" DispatchName="LeftGrip"/>
		<Element Name="TELEMETRY_PLAYERDIFFICULTYCHANGED" DispatchName="difficultyLevelChanged"/>
		<Element Name="TELEMETRY_PLAYERDIFFICULTY" DispatchName="difficultyLevel"/>
        <Element Name="TELEMETRY_PLAYERROLE" DispatchName="playerRole"/>
        <Element Name="TELEMETRY_TRACK_ID" DispatchName="trackId"/>
        <Element Name="TELEMETRY_HIGHEST_MULTIPLIER" DispatchName="highestMultiplier"/>
        <Element Name="TELEMETRY_SCORE" DispatchName="score"/>
        <Element Name="TELEMETRY_STARS" DispatchName="stars"/>
        <Element Name="TELEMETRY_HIGHEST_STREAK" DispatchName="highestStreak"/>
        <Element Name="TELEMETRY_TRACK_HIT_PERCENTAGE" DispatchName="trackHitPercentage"/>
        <Element Name="TELEMETRY_TRACK_QUALIFIED" DispatchName="qualified"/>
        <Element Name="TELEMETRY_TIME_LISTENED" DispatchName="timeListened"/>
        <Element Name="TELEMETRY_TIME_PLAYED" DispatchName="timePlayed"/>
        <Element Name="TELEMETRY_CHANNELID" DispatchName="channelID"/>
        <Element Name="TELEMETRY_SHOWID" DispatchName="showID"/>
        <Element Name="TELEMETRY_FINISH_POSITION" DispatchName="ranking"/>
        <Element Name="TELEMETRY_TRACK_START_DIFFICULTY" DispatchName="start_difficulty"/>
        <Element Name="TELEMETRY_TRACK_HOT_START" DispatchName="hotstart"/>
        <Element Name="TELEMETRY_TRACK_STRONG_FINISH" DispatchName="strongfinish"/>
        <Element Name="TELEMETRY_TRACK_FULL_COMBO" DispatchName="fullcombo"/>
        <Element Name="TELEMETRY_AVERAGE_MULTIPLIER" DispatchName="meanmultiplier"/>
        <Element Name="TELEMETRY_AVERAGE_STREAK" DispatchName="meanstreak"/>
        <Element Name="TELEMETRY_STREAK_25" DispatchName="streak_25"/>
        <Element Name="TELEMETRY_STREAK_50" DispatchName="streak_50"/>
        <Element Name="TELEMETRY_STREAK_100" DispatchName="streak_100"/>
        <Element Name="TELEMETRY_STREAK_250" DispatchName="streak_250"/>
        <Element Name="TELEMETRY_STREAK_500" DispatchName="streak_500"/>
        <Element Name="TELEMETRY_TRACK_START_LEVEL" DispatchName="start_level"/>
        <Element Name="TELEMETRY_TRACK_START_XP" DispatchName="start_xp"/>
		<Element Name="TELEMETRY_REWARD_SESSION_ID" DispatchName="reward_session"/>
		<Element Name="TELEMETRY_PREMIUM_LAST_TRACK_INDEX" DispatchName="last_played"/>
        <Element Name="TELEMETRY_GHTV_SETLIST_TYPE" DispatchName="ghtv_setlist_type"/>
      </SessionSearch>
    </TelemetryItem>
	
	<!-- DATASET_PURCHASES -->
	<TelemetryItem Name="DATASET_PURCHASES" DemonwareId="10008" DemonwareCompression="true">
      <Session Name="SESSION_GAME">
        <Element Name="TELEMETRY_SESSIONID" DispatchName="sessionId"/>
        <Element Name="TELEMETRY_DWID" DispatchName="DWID"/>
        <Element Name="TELEMETRY_WRITE_DATETIME" DispatchName="datetime"/>
        <Element Name="TELEMETRY_GAMEMODE" DispatchName="gamemode"/>
        <Element Name="TELEMETRY_ITEM_ID" DispatchName="itemID"/>
        <Element Name="TELEMETRY_ITEM_QUANTITY" DispatchName="itemQuantity"/>
        <Element Name="TELEMETRY_SKU_ID" DispatchName="skuID"/>
        <Element Name="TELEMETRY_SKU_QUANTITY" DispatchName="skuQuantity"/>
        <Element Name="TELEMETRY_CURRENCY_ID" DispatchName="currencyID"/>
        <Element Name="TELEMETRY_CURRENCY_QUANTITY" DispatchName="currencyQuantity"/>
        <Element Name="TELEMETRY_MARKETPLACE_ACTION" DispatchName="action"/>
        <Element Name="TELEMETRY_MARKETPLACE_STATE" DispatchName="state"/>
		<Element Name="TELEMETRY_MARKETPLACE_HERO_CASH" DispatchName="herocash"/>
		<Element Name="TELEMETRY_MARKETPLACE_COINS" DispatchName="coins"/>
        <Element Name="TELEMETRY_MARKETPLACE_PLAY_TOKENS" DispatchName="tokens"/>
        <Element Name="TELEMETRY_SHOP_ITEM_TYPE" DispatchName="assettype"/>
        <Element Name="TELEMETRY_MARKETPLACE_FIRST_PARTY_OFFER_ID" DispatchName="1stpartyofferid"/>
        <Element Name="TELEMETRY_MARKETPLACE_FIRST_PARTY_ENTITLEMENT_ID" DispatchName="1stpartyentitlementid"/>
        <Element Name="TELEMETRY_PURCHASES_PLACEHOLDER_3" DispatchName="promotion"/>
        <Element Name="TELEMETRY_TRANSACTION_ID" DispatchName="Transaction Key"/>
        <Element Name="TELEMETRY_BRANCH_NAME" DispatchName="branchprefix"/>
      </Session>
    </TelemetryItem>
	
	<!-- DATASET_ACHIEVEMENTS -->
	<TelemetryItem Name="CTelemetryEvent_Achievement_Unlocked" DemonwareId="10009" DemonwareCompression="true">
      <Session Name="SESSION_GAME">
        <Element Name="TELEMETRY_SESSIONID" DispatchName="sessionid"/>
        <Element Name="TELEMETRY_DWID" DispatchName="DWID"/>
        <Element Name="TELEMETRY_WRITE_DATETIME" DispatchName="datetime"/>
		<Element Name="TELEMETRY_ACHIEVEMENT" DispatchName="achievement"/>
      </Session>
    </TelemetryItem>
	
	<!-- DATASET_FRIENDS -->
	<TelemetryItem Name="DATASET_FRIENDS" DemonwareId="10010" DemonwareCompression="true">
      <Session Name="SESSION_GAME">
        <Element Name="TELEMETRY_SESSIONID" DispatchName="sessionid"/>
        <Element Name="TELEMETRY_DWID" DispatchName="DWID"/>
        <Element Name="TELEMETRY_WRITE_DATETIME" DispatchName="datetime"/>
      </Session>
    </TelemetryItem>
	
	<!-- DATASET_COMPANIONAPP --> <!-- 11 --> <!-- Sent by Companion App -->
	
	<!-- DATASET_CUSTOM -->
	<TelemetryItem Name="DATASET_CUSTOM" DemonwareId="10012" DemonwareCompression="true">
      <Session Name="SESSION_GAME">
        <Element Name="TELEMETRY_SESSIONID" DispatchName="sessionid"/>
        <Element Name="TELEMETRY_DWID" DispatchName="DWID"/>
        <Element Name="TELEMETRY_WRITE_DATETIME" DispatchName="datetime"/>
      </Session>
    </TelemetryItem>
	
	<!-- DATASET_HIGHWAY -->
	<TelemetryItem Name="DATASET_HIGHWAY" DemonwareId="10013" DemonwareCompression="true">
      <Session Name="SESSION_GAME">
        <Element Name="TELEMETRY_SESSIONID" DispatchName="sessionid"/>
        <Element Name="TELEMETRY_DWID" DispatchName="DWID"/>
        <Element Name="TELEMETRY_WRITE_DATETIME" DispatchName="datetime"/>
      </Session>
    </TelemetryItem>
	
	<!-- DATASET_GHTVFRIENDS -->
	<TelemetryItem Name="DATASET_GHTVFRIENDS" DemonwareId="10014" DemonwareCompression="true">
      <Session Name="SESSION_GAME">
        <Element Name="TELEMETRY_SESSIONID" DispatchName="sessionid"/>
        <Element Name="TELEMETRY_DWID" DispatchName="DWID"/>
        <Element Name="TELEMETRY_WRITE_DATETIME" DispatchName="datetime"/>
      </Session>
    </TelemetryItem>
		
	<!-- DATASET_UIFLOW -->
	<TelemetryItem Name="CTelemetryEvent_UI_Transition" DemonwareId="10015" DemonwareCompression="true" OnlineDiagnosticsId="UITransitionMessage">
      <Session Name="SESSION_GAME">
        <Element Name="TELEMETRY_SESSIONID" DispatchName="sessionid"/>
        <Element Name="TELEMETRY_EVENT_TIMESTAMP" DispatchName="datetime"/>
        <Element Name="TELEMETRY_DURATION" DispatchName="duration"/>
        <Element Name="TELEMETRY_UISCREEN_FROM" DispatchName="uiScreenFrom"/>
        <Element Name="TELEMETRY_UISCREEN_TO" DispatchName="uiScreenTo"/>
        <Element Name="TELEMETRY_EVENT_CRM_LOCATION_ID" DispatchName="locationID"/>
        <Element Name="TELEMETRY_EVENT_CRM_ITEM_ID" DispatchName="itemID"/>
        <Element Name="TELEMETRY_EVENT_CRM_OPTION_ID" DispatchName="module"/>
        <Element Name="TELEMETRY_EVENT_CRM_ACTION" DispatchName="action"/>
        <Element Name="TELEMETRY_EVENT_CRM_RELEVANCE_SCORE" DispatchName="relevanceScore"/>
        <Element Name="TELEMETRY_EVENT_CRM_MESSAGE_ID" DispatchName="messageID"/>
        <Element Name="TELEMETRY_EVENT_OPTION_ID" DispatchName="optionID"/>
        <Element Name="TELEMETRY_EVENT_IMPRESSION_IDS" DispatchName="impressionIDs"/>
        <Element Name="TELEMETRY_EVENT_IMPRESSION_SCORES" DispatchName="impressionScores"/>
        <Element Name="TELEMETRY_BRANCH_NAME" DispatchName="branchprefix"/>
      </Session>
    </TelemetryItem>
	
	<!-- DATASET_UNLOCKREWARDS -->
	<TelemetryItem Name="DATASET_UNLOCKREWARDS" DemonwareId="10016" DemonwareCompression="true">
      <Session Name="SESSION_GAME">
        <Element Name="TELEMETRY_SESSIONID" DispatchName="sessionid"/>
        <Element Name="TELEMETRY_DWID" DispatchName="DWID"/>
        <Element Name="TELEMETRY_WRITE_DATETIME" DispatchName="datetime"/>
      </Session>
    </TelemetryItem>
	
	<!-- DATASET_TUTORIAL -->
	<TelemetryItem Name="DATASET_TUTORIAL" DemonwareId="10017" DemonwareCompression="true">
      <Session Name="SESSION_GAME">
        <Element Name="TELEMETRY_SESSIONID" DispatchName="sessionid"/>
        <Element Name="TELEMETRY_DWID" DispatchName="DWID"/>
        <Element Name="TELEMETRY_WRITE_DATETIME" DispatchName="datetime"/>
      </Session>
    </TelemetryItem>
	
	<!-- DATASET_SONGS -->
	<TelemetryItem Name="CTelemetryEvent_Song_Unlocked" DemonwareId="10018" DemonwareCompression="true">
      <Session Name="SESSION_GAME">
        <Element Name="TELEMETRY_SESSIONID" DispatchName="sessionid"/>
        <Element Name="TELEMETRY_DWID" DispatchName="DWID"/>
        <Element Name="TELEMETRY_WRITE_DATETIME" DispatchName="datetime"/>
        <Element Name="TELEMETRY_SONG_ID" DispatchName="songid"/>
        <Element Name="TELEMETRY_ACQUIRE_TYPE" DispatchName="acquire_type"/>
        <Element Name="TELEMETRY_BRANCH_NAME" DispatchName="branchprefix"/>
		</Session>
    </TelemetryItem>
	
	<!-- DATASET_GHTV_STARTED -->
	<TelemetryItem Name="DATASET_GHTV_STARTED" DemonwareId="10019" DemonwareCompression="true" OnlineDiagnosticsId="DATASET_GHTV_STARTED">
      <Session Name="SESSION_GAME">
        <Element Name="TELEMETRY_SESSIONID" DispatchName="sessionid"/>
        <Element Name="TELEMETRY_DWID" DispatchName="DWID"/>
        <Element Name="TELEMETRY_WRITE_DATETIME" DispatchName="datetime"/>
		<Element Name="TELEMETRY_MARKETPLACE_HERO_CASH" DispatchName="herocash"/>
		<Element Name="TELEMETRY_MARKETPLACE_COINS" DispatchName="coins"/>
        <Element Name="TELEMETRY_MARKETPLACE_PLAY_TOKENS" DispatchName="tokens"/>
        <Element Name="TELEMETRY_MARKETPLACE_PLAYPASS_START_TIME" DispatchName="seasonPassStartTime"/>
        <Element Name="TELEMETRY_MARKETPLACE_PLAYPASS_END_TIME" DispatchName="seasonPassEndTime"/>
		<Element Name="TELEMETRY_GUIT_HERO_SECTIONS_LEVEL" DispatchName="guit_herosections"/>
		<Element Name="TELEMETRY_GUIT_MAX_MULTIPLIER_LEVEL" DispatchName="guit_maxmultiplier"/>
		<Element Name="TELEMETRY_GUIT_MULT_STREAK_COUNTER_LEVEL" DispatchName="guit_multstreakcounter"/>
		<Element Name="TELEMETRY_GUIT_BASESCORE_LEVEL" DispatchName="guit_basescore"/>
		<!--Element Name="TELEMETRY_GUIT_HIGHWAY_SPEED_LEVEL" DispatchName="guit_highwayspeed"/-->
	  </Session>
	  <Session Name="SESSION_GHTV_METAGAME">
        <Element Name="TELEMETRY_SUPERSTAR_STATUS_CURRENT" DispatchName="level"/>
        <Element Name="TELEMETRY_SUPERSTAR_XP_TOTAL" DispatchName="XP"/>
      </Session>
	  <Session Name="SESSION_GHTV_CUSTOMISATIONS">
        <Element Name="TELEMETRY_CUSTOMISATION_HIGHWAY" DispatchName="highway"/>
        <Element Name="TELEMETRY_CUSTOMISATION_PLAYERCARD" DispatchName="playerCard"/>
      </Session>
	  <Session Name="SESSION_AWARDS">
        <Element Name="TELEMETRY_NUM_CONSECUTIVE_DAYS_PLAYED" DispatchName="cont_days"/>
      </Session>
    </TelemetryItem>
	
	<!-- DATASET_HEROPOWER -->
	<TelemetryItem Name="DATASET_HEROPOWER" DemonwareId="10020" DemonwareCompression="true">
      <Session Name="SESSION_GAME">
        <Element Name="TELEMETRY_SESSIONID" DispatchName="sessionId"/>
        <Element Name="TELEMETRY_DWID" DispatchName="DWID"/>
        <Element Name="TELEMETRY_WRITE_DATETIME" DispatchName="datetime"/>
        <Element Name="TELEMETRY_GAMEMODE" DispatchName="gamemode"/>
      </Session>
	  <SessionSearch ElementName="TELEMETRY_HEROPOWER" ElementContents="HeroPower" DispatchName="PerPlayerHeroPowers">
        <Element Name="TELEMETRY_PLAYERINDEX" DispatchName="playerIndex"/>
        <Element Name="TELEMETRY_PLAYERROLE" DispatchName="playerRole"/>
        <Element Name="TELEMETRY_HEROPOWER_NAME" DispatchName="heroPowerName"/>
        <Element Name="TELEMETRY_HEROPOWER_SECTIONS_COMPLETED" DispatchName="sectionsCompleted"/>
        <Element Name="TELEMETRY_HEROPOWER_SECTIONS_FAILED" DispatchName="sectionsFailed"/>
        <Element Name="TELEMETRY_HEROPOWER_ACTIVATIONS" DispatchName="activations"/>
        <Element Name="TELEMETRY_HEROPOWER_STACKED_USES" DispatchName="stackedUses"/>
      </SessionSearch>
	  <SessionSearch ElementName="TELEMETRY_TRACK_STATS" ElementContents="TrackStats" DispatchName="PerPlayerTrackStats">
        <Element Name="TELEMETRY_TRACK_ID" DispatchName="trackId"/>
        <Element Name="TELEMETRY_REWARD_SESSION_ID" DispatchName="reward_session"/>
      </SessionSearch>
    </TelemetryItem>
	
	<!-- DATASET_CALIBRATIONINFO -->
    <TelemetryItem Name="DATASET_CALIBRATIONINFO" DemonwareId="10021" DemonwareCompression="true" OnlineDiagnosticsId="CalibrationInfo">
      <Session Name="SESSION_GAME">
        <Element Name="TELEMETRY_USERID"                        DispatchName="userid"/>
        <Element Name="TELEMETRY_TIMESTAMP"                     DispatchName="datetime"/>
      </Session>
      <Session Name="SESSION_CALIBRATION">
        <Element Name="TELEMETRY_AUDIO_CALIBRATION"             DispatchName="audiooffset"/>
        <Element Name="TELEMETRY_VIDEO_CALIBRATION"             DispatchName="videooffset"/>
        <Element Name="TELEMETRY_CALIBRATION_MIN_AUDIO_OFFSET"  DispatchName="minaudiooffset"/>
        <Element Name="TELEMETRY_CALIBRATION_MAX_AUDIO_OFFSET"  DispatchName="maxaudiooffset"/>
        <Element Name="TELEMETRY_CALIBRATION_NUM_STRUMS"        DispatchName="numstrums"/>
        <Element Name="TELEMETRY_CALIBRATION_STAGE"             DispatchName="livecalibrationstage" />
      </Session>
    </TelemetryItem>
	
	<!-- DATASET_VIDEO -->
	<TelemetryItem Name="DATASET_VIDEO" DemonwareId="10022" DemonwareCompression="true">
		<Session Name="SESSION_GAME">
			<Element Name="TELEMETRY_SESSIONID" DispatchName="sessionId"/>
			<Element Name="TELEMETRY_GAMER_TAG" DispatchName="gamerTag" />
			<Element Name="TELEMETRY_DWID" DispatchName="DWID"/>
			<Element Name="TELEMETRY_WRITE_DATETIME" DispatchName="datetime"/>
			<Element Name="TELEMETRY_GAMEMODE" DispatchName="gamemode"/>
		</Session>
		<Session Name="SESSION_VIDEO">
			<Element Name="TELEMETRY_VIDEO_TIME_SPENT_IN_LODS" DispatchName="timeSpentInLods" />
			<Element Name="TELEMETRY_VIDEO_NUM_LOD_UPS" DispatchName="numLodUps" />
			<Element Name="TELEMETRY_VIDEO_NUM_LOD_DOWNS" DispatchName="numLodDowns" />
			<Element Name="TELEMETRY_VIDEO_TIME_TEST_CARD_VISIBLE" DispatchName="timeTestCardVisible" />
			<Element Name="TELEMETRY_VIDEO_SAMPLE_DURATION" DispatchName="sampleDuration" />
			<Element Name="TELEMETRY_WAITING_FOR_VIDEO_TO_BUFFER" DispatchName="waitingForVideoToBuffer" />
			<Element Name="TELEMETRY_VIDEO_TIME_TO_BUFFER_INITIAL_VIDEO" DispatchName="timeToBufferInitialVideo" />
		</Session>
		<SessionSearch ElementName="TELEMETRY_TRACK_STATS" ElementContents="TrackStats" DispatchName="PerPlayerTrackStats">
			<Element Name="TELEMETRY_TRACK_ID" DispatchName="trackId"/>
		</SessionSearch>
	</TelemetryItem>
	
	<!-- DATASET_QOS -->
	<TelemetryItem Name="DATASET_QOS" DemonwareId="10023" DemonwareCompression="true">
		<Session Name="SESSION_GAME">
			<Element Name="TELEMETRY_SESSIONID" DispatchName="sessionId"/>
			<Element Name="TELEMETRY_GAMER_TAG" DispatchName="gamerTag" />
			<Element Name="TELEMETRY_DWID" DispatchName="DWID"/>
			<Element Name="TELEMETRY_WRITE_DATETIME" DispatchName="datetime"/>
		</Session>
		<Session Name="SESSION_QOS">
			<Element Name="TELEMETRY_QOS_ESTIMATED_BANDWIDTH_MBPS" DispatchName="estimatedBandwidthMpbs" />
			<Element Name="TELEMETRY_QOS_CONFIDENCE" DispatchName="confidence" />
			<Element Name="TELEMETRY_QOS_AVERAGE_ERROR" DispatchName="averageError" />
			<Element Name="TELEMETRY_QOS_SAMPLE_DURATION" DispatchName="duration" />
			<Element Name="TELEMETRY_QOS_ONLINE_ERROR_TITLE" DispatchName="errorTitle" />
			<Element Name="TELEMETRY_QOS_ONLINE_ERROR_MESSAGE" DispatchName="errorMessage" />
			<Element Name="TELEMETRY_QOS_ONLINE_ERROR_SEVERITY" DispatchName="errorSeverity" />
			<Element Name="TELEMETRY_QOS_ONLINE_ERROR_TYPE" DispatchName="errorType" />
			<Element Name="TELEMETRY_QOS_ONLINE_ERROR_NUMBER" DispatchName="errorNumber" />
		</Session>
	</TelemetryItem>
	
	<!-- DATASET_QOE -->
	<TelemetryItem Name="DATASET_QOE" DemonwareId="10024" DemonwareCompression="true">
		<Session Name="SESSION_GAME">
			<Element Name="TELEMETRY_SESSIONID" DispatchName="sessionId"/>
			<Element Name="TELEMETRY_GAMER_TAG" DispatchName="gamerTag" />
			<Element Name="TELEMETRY_DWID" DispatchName="DWID"/>
			<Element Name="TELEMETRY_WRITE_DATETIME" DispatchName="datetime"/>
		</Session>
		<Session Name="SESSION_QOE">
			<Element Name="TELEMETRY_QOE_DEMONWARE_CONNECTION_TIME" DispatchName="dwConnectionTime" />
			<Element Name="TELEMETRY_QOE_AVERAGE_CHANNEL_CHANGE_TIME" DispatchName="avrgChannelChangeTime" />
			<Element Name="TELEMETRY_QOE_NUM_CHANNEL_CHANGES" DispatchName="numChannelChanges" />
		</Session>
	</TelemetryItem>
    
	<!-- DATASET_CACHE -->
	<TelemetryItem Name="DATASET_CACHE" DemonwareId="10025" DemonwareCompression="true">
		<Session Name="SESSION_GAME">
			<Element Name="TELEMETRY_SESSIONID" DispatchName="sessionId"/>
			<Element Name="TELEMETRY_GAMER_TAG" DispatchName="gamerTag" />
			<Element Name="TELEMETRY_DWID" DispatchName="DWID"/>
			<Element Name="TELEMETRY_WRITE_DATETIME" DispatchName="datetime"/>
		</Session>
		<Session Name="SESSION_CACHE">
			<Element Name="TELEMETRY_CACHE_NUM_CACHE_HITS" DispatchName="numCacheHits" />
			<Element Name="TELEMETRY_CACHE_NUM_CACHE_MISSES" DispatchName="numCacheMisses" />
			<Element Name="TELEMETRY_CACHE_SAMPLE_DURATION" DispatchName="sampleDuration" />
			<Element Name="TELEMETRY_CACHE_NUM_BYTES_HIT" DispatchName="numCacheBytesHit" />
			<Element Name="TELEMETRY_CACHE_NUM_BYTES_MISSED" DispatchName="numCacheBytesMissed" />
		</Session>
	</TelemetryItem>

	<!-- DATASET_GUITAVATARS -->
	<TelemetryItem Name="DATASET_GUITAVATARS" DemonwareId="10026" DemonwareCompression="true">
		<Session Name="SESSION_GAME">
			<Element Name="TELEMETRY_SESSIONID" DispatchName="sessionId"/>
			<Element Name="TELEMETRY_DWID" DispatchName="DWID"/>
			<Element Name="TELEMETRY_WRITE_DATETIME" DispatchName="datetime"/>
		</Session>
		<SessionSearch ElementName="TELEMETRY_GUITAVATAR" ElementContents="Guitavatar" DispatchName="Guitavatar">
			<Element Name="TELEMETRY_GUITAVATAR_TARGET_SCORE" DispatchName="targetScore" />
			<Element Name="TELEMETRY_GUITAVATAR_FOUND_SCORE" DispatchName="foundScore" />
			<Element Name="TELEMETRY_GUITAVATAR_NUMBER_OF_ATTEMPTS" DispatchName="numAttempts" />
			<Element Name="TELEMETRY_GUITAVATAR_TIME_TO_FIND" DispatchName="timeToFind" />
		</SessionSearch>
	</TelemetryItem> 
		
	<!-- DATASET_TRACK_RESULTS -->
	<TelemetryItem Name="DATASET_TRACK_RESULTS" DemonwareId="10027" DemonwareCompression="true" OnlineDiagnosticsId="DATASET_TRACK_RESULTS">
		<Session Name="SESSION_GAME">
			<Element Name="TELEMETRY_SESSIONID" DispatchName="sessionId"/>
			<Element Name="TELEMETRY_DWID" DispatchName="DWID"/>
			<Element Name="TELEMETRY_WRITE_DATETIME" DispatchName="datetime"/>
		</Session>
		<Session Name="SESSION_GHTV_METAGAME">
			<Element Name="TELEMETRY_RIVALS_ARENA_RANK" DispatchName="arenaRank"/>
			<Element Name="TELEMETRY_RIVALS_ARENA_TOKEN_TOTAL" DispatchName="arenaTokenTotal"/>
			<Element Name="TELEMETRY_RIVALS_ARENA_WIN_STREAK" DispatchName="arenaWinStreak"/>
			<Element Name="TELEMETRY_RIVALS_ARENA_COMPLETION_STREAK" DispatchName="arenaCompletionStreak"/>
			<Element Name="TELEMETRY_RIVALS_ARENA_SEASON_RATING" DispatchName="arenaSeasonRating"/>
			<Element Name="TELEMETRY_RIVALS_ARENA_SEASON_RANK" DispatchName="arenaSeasonRank"/>
			<Element Name="TELEMETRY_RIVALS_WINS" DispatchName="rivalWins"/>
			<Element Name="TELEMETRY_RIVALS_LOSSES" DispatchName="rivalLosses"/>
			<Element Name="TELEMETRY_RIVALS_DRAWS" DispatchName="rivalDraws"/>
			<Element Name="TELEMETRY_RIVALS_TOTAL" DispatchName="rivalTotal"/>
		 </Session>
		<SessionSearch ElementName="TELEMETRY_TRACK_RESULTS" ElementContents="TrackResults" DispatchName="PerPlayerTrackResults">
			<Element Name="TELEMETRY_COINS_WON" DispatchName="coinswon"/>
			<Element Name="TELEMETRY_FINISH_POSITION" DispatchName="ranking"/>
			<Element Name="TELEMETRY_END_LEVEL" DispatchName="level"/>
			<Element Name="TELEMETRY_XP_WON" DispatchName="xpwon"/>
			<Element Name="TELEMETRY_XP_TOTAL" DispatchName="xptotal"/>
			<Element Name="TELEMETRY_PRIZE_WON" DispatchName="prize_won"/>
			<Element Name="TELEMETRY_GLOBAL_RANK" DispatchName="globalrank"/>
			<Element Name="TELEMETRY_SONG_GOAL" DispatchName="songgoal"/>
			<Element Name="TELEMETRY_RESULTS_REWARD_SESSION_ID" DispatchName="reward_session"/>
		</SessionSearch>
	</TelemetryItem> 
	
	<!-- DATASET_DYNAMIC_CONTENT -->
	<TelemetryItem Name="CTelemetryEvent_DynamicContent" DemonwareId="10028" DemonwareCompression="true" OnlineDiagnosticsId="UIDynamicContentMessage">
      <Session Name="SESSION_GAME">
		<Element Name="TELEMETRY_SESSIONID" 						DispatchName="sessionid"/>
        <Element Name="TELEMETRY_TIMESTAMP" 						DispatchName="datetime"/>
        <Element Name="TELEMETRY_DYNAMIC_CONTENT_START_TIMESTAMP" 	DispatchName="dynamicContentStartTimeStamp"/>
        <Element Name="TELEMETRY_DYNAMIC_CONTENT_END_TIMESTAMP" 	DispatchName="dynamicContentEndTimeStamp"/>
        <Element Name="TELEMETRY_DYNAMIC_CONTENT_FILEPATH" 			DispatchName="dynamicContentFilePath"/>
      </Session>
    </TelemetryItem>
	
	<!-- DATASET_REWARD_CACHE -->
	<TelemetryItem Name="CTelemetryEvent_RewardCache" DemonwareId="10029" DemonwareCompression="true">
      <Session Name="SESSION_GAME">
		<Element Name="TELEMETRY_SESSIONID" 						DispatchName="sessionid"/>
        <Element Name="TELEMETRY_TIMESTAMP" 						DispatchName="datetime"/>
      </Session>
    </TelemetryItem>

    <!-- DATASET_FILE_DOWNLOADS -->
    <TelemetryItem Name="CTelemetryEvent_FileDownloads" DemonwareId="10030" DemonwareCompression="true">
      <Session Name="SESSION_GAME">
        <Element Name="TELEMETRY_SESSIONID" 						DispatchName="sessionid"/>
        <Element Name="TELEMETRY_TIMESTAMP" 						DispatchName="datetime"/>
      </Session>
    </TelemetryItem>

    <TelemetryItem Name="CTotemStateMessage" DemonwareId="10031" DemonwareCompression="true" OnlineDiagnosticsId="TotemState" >
      <Session Name="SESSION_GAME">
        <Element Name="TELEMETRY_SESSIONID" DispatchName="sessionid"/>
        <Element Name="TELEMETRY_DWID" DispatchName="DWID"/>
        <Element Name="TELEMETRY_WRITE_DATETIME" DispatchName="datetime"/>
      </Session>
      <SessionSearch ElementName="TELEMETRY_TRACK_STATS" ElementContents="TrackStats" DispatchName="PerPlayerTrackStats">
        <Element Name="TELEMETRY_PLAYERINDEX" DispatchName="playerIndex"/>
        <Element Name="TELEMETRY_TRACK_ID" DispatchName="trackId"/>
        <Element Name="TELEMETRY_TRACK_START_TIME" DispatchName="trackStartTime"/>
        <Element Name="TELEMETRY_CHANNELID" DispatchName="channelID"/>
        <Element Name="TELEMETRY_MATCH_MAKING_ID" DispatchName="matchmakingid"/>
		<Element Name="TELEMETRY_TRACK_REAL_PLAYERS_IN_TOTEM_SESSION" DispatchName="realPlayersInTotemSession"/>
      </SessionSearch>
    </TelemetryItem>

    <TelemetryItem Name="CMatchmakingQueryMessage" DemonwareId="10033" DemonwareCompression="true" OnlineDiagnosticsId="MatchmakingQueries" >
      <Session Name="SESSION_GAME">
        <Element Name="TELEMETRY_SESSIONID" DispatchName="sessionid"/>
        <Element Name="TELEMETRY_DWID" DispatchName="DWID"/>
        <Element Name="TELEMETRY_WRITE_DATETIME" DispatchName="datetime"/>
      </Session>
      <Session Name="Online Data">
        <Element Name="NATType" DispatchName="NATType"/>
      </Session>
    </TelemetryItem>

    <TelemetryItem Name="CMatchmakingFilterMessage" DemonwareId="10034" DemonwareCompression="true" OnlineDiagnosticsId="MatchmakingFiltering" >
      <Session Name="SESSION_GAME">
        <Element Name="TELEMETRY_SESSIONID" DispatchName="sessionid"/>
        <Element Name="TELEMETRY_DWID" DispatchName="DWID"/>
        <Element Name="TELEMETRY_WRITE_DATETIME" DispatchName="datetime"/>
      </Session>
    </TelemetryItem>

    <TelemetryItem Name="CMatchMakingJoinTelemetryMessage" DemonwareId="10035" DemonwareCompression="true" OnlineDiagnosticsId="MatchmakingJoin" >
      <Session Name="SESSION_GAME">
        <Element Name="TELEMETRY_SESSIONID" DispatchName="sessionid"/>
        <Element Name="TELEMETRY_DWID" DispatchName="DWID"/>
        <Element Name="TELEMETRY_WRITE_DATETIME" DispatchName="datetime"/>
      </Session>
      <Session Name="Online Data">
        <Element Name="NATType" DispatchName="NATType"/>
      </Session>
    </TelemetryItem>

    <TelemetryItem Name="CMatchMakingHostTelemetryMessage" DemonwareId="10036" DemonwareCompression="true" OnlineDiagnosticsId="MatchmakingHost" >
      <Session Name="SESSION_GAME">
        <Element Name="TELEMETRY_SESSIONID" DispatchName="sessionid"/>
        <Element Name="TELEMETRY_DWID" DispatchName="DWID"/>
        <Element Name="TELEMETRY_WRITE_DATETIME" DispatchName="datetime"/>
      </Session>
      <Session Name="Online Data">
        <Element Name="NATType" DispatchName="NATType"/>
      </Session>
    </TelemetryItem>

    <TelemetryItem Name="CRivalsPairingMessage" DemonwareId="10032" DemonwareCompression="true" OnlineDiagnosticsId="RivalsPairing" >
      <Session Name="SESSION_GAME">
        <Element Name="TELEMETRY_SESSIONID" DispatchName="sessionid"/>
        <Element Name="TELEMETRY_DWID" DispatchName="DWID"/>
        <Element Name="TELEMETRY_WRITE_DATETIME" DispatchName="datetime"/>
      </Session>
      <SessionSearch ElementName="TELEMETRY_TRACK_STATS" ElementContents="TrackStats" DispatchName="PerPlayerTrackStats">
        <Element Name="TELEMETRY_PLAYERINDEX" DispatchName="playerIndex"/>
        <Element Name="TELEMETRY_TRACK_ID" DispatchName="trackId"/>
        <Element Name="TELEMETRY_TRACK_START_TIME" DispatchName="trackStartTime"/>
        <Element Name="TELEMETRY_NEXT_TRACK_ID" DispatchName="nextTrackId"/>
        <Element Name="TELEMETRY_NEXT_TRACK_START_TIME" DispatchName="nextTrackStartTime"/>
        <Element Name="TELEMETRY_CHANNELID" DispatchName="channelID"/>
        <Element Name="TELEMETRY_MATCH_MAKING_ID" DispatchName="matchmakingid"/>
      </SessionSearch>
    </TelemetryItem>

    <TelemetryItem Name="httpDownload" OnlineDiagnosticsId="httpDownload" />
    <TelemetryItem Name="CPartialBitmapWarning" OnlineDiagnosticsId="partialBitmap" />
    <TelemetryItem Name="CFSGTelemetryLogData" OnlineDiagnosticsId="TelemetryLog" />

    <TelemetryItem Name="CTelemetryEvent_UI_Coins" DemonwareId="10037" DemonwareCompression="true" OnlineDiagnosticsId="TelemetryEventUICoins">
      <Session Name="SESSION_GAME">
        <Element Name="TELEMETRY_UI_COINS_FROM_CACHE" DispatchName="UICoinsFromCache"/>
      </Session>
    </TelemetryItem>

    <TelemetryItem Name="CTelemetryEvent_UI_XP" DemonwareId="10038" DemonwareCompression="true" OnlineDiagnosticsId="TelemetryEventUIXP">
      <Session Name="SESSION_GAME">
        <Element Name="TELEMETRY_UI_XP_FROM_CACHE" DispatchName="UIXPFromCache"/>
      </Session>
    </TelemetryItem>

    <TelemetryItem Name="CEventDataRivalsPlayer" DemonwareId="10039" DemonwareCompression="true" OnlineDiagnosticsId="RivalsID" >
      <Session Name="SESSION_GAME">
        <Element Name="TELEMETRY_SESSIONID" DispatchName="sessionid"/>
        <Element Name="TELEMETRY_DWID" DispatchName="DWID"/>
        <Element Name="TELEMETRY_WRITE_DATETIME" DispatchName="datetime"/>
      </Session>
      <SessionSearch ElementName="TELEMETRY_TRACK_STATS" ElementContents="TrackStats" DispatchName="PerPlayerTrackStats">
        <Element Name="TELEMETRY_PLAYERINDEX" DispatchName="playerIndex"/>
        <Element Name="TELEMETRY_TRACK_ID" DispatchName="trackId"/>
        <Element Name="TELEMETRY_TRACK_START_TIME" DispatchName="trackStartTime"/>
        <Element Name="TELEMETRY_NEXT_TRACK_ID" DispatchName="nextTrackId"/>
        <Element Name="TELEMETRY_NEXT_TRACK_START_TIME" DispatchName="nextTrackStartTime"/>
        <Element Name="TELEMETRY_CHANNELID" DispatchName="channelID"/>
        <Element Name="TELEMETRY_MATCH_MAKING_ID" DispatchName="matchmakingid"/>
      </SessionSearch>
    </TelemetryItem>
	
    <TelemetryItem Name="CEventDataChannelChangeReason" DemonwareId="10040" DemonwareCompression="true" OnlineDiagnosticsId="ChannelChangeDebug" >
      <Session Name="SESSION_GAME">
        <Element Name="TELEMETRY_SESSIONID" DispatchName="sessionid"/>
        <Element Name="TELEMETRY_DWID" DispatchName="DWID"/>
        <Element Name="TELEMETRY_WRITE_DATETIME" DispatchName="datetime"/>
      </Session>
      <SessionSearch ElementName="TELEMETRY_TRACK_STATS" ElementContents="TrackStats" DispatchName="PerPlayerTrackStats">
        <Element Name="TELEMETRY_CHANNELID" DispatchName="channelID"/>
      </SessionSearch>
    </TelemetryItem>

    <TelemetryItem Name="CMatchmakingSortValueMessage" DemonwareId="10041" DemonwareCompression="true" OnlineDiagnosticsId="MatchmakingSortValues" >
      <Session Name="SESSION_GAME">
        <Element Name="TELEMETRY_SESSIONID" DispatchName="sessionid"/>
        <Element Name="TELEMETRY_DWID" DispatchName="DWID"/>
        <Element Name="TELEMETRY_WRITE_DATETIME" DispatchName="datetime"/>
      </Session>
    </TelemetryItem>

    <TelemetryItem Name="CEventDataRivalsPairList" DemonwareId="10042" DemonwareCompression="true" OnlineDiagnosticsId="RivalsPairList" >
      <Session Name="SESSION_GAME">
        <Element Name="TELEMETRY_SESSIONID" DispatchName="sessionid"/>
        <Element Name="TELEMETRY_DWID" DispatchName="DWID"/>
        <Element Name="TELEMETRY_WRITE_DATETIME" DispatchName="datetime"/>
      </Session>
      <SessionSearch ElementName="TELEMETRY_TRACK_STATS" ElementContents="TrackStats" DispatchName="PerPlayerTrackStats">
        <Element Name="TELEMETRY_PLAYERINDEX" DispatchName="playerIndex"/>
        <Element Name="TELEMETRY_TRACK_ID" DispatchName="trackId"/>
        <Element Name="TELEMETRY_TRACK_START_TIME" DispatchName="trackStartTime"/>
        <Element Name="TELEMETRY_NEXT_TRACK_ID" DispatchName="nextTrackId"/>
        <Element Name="TELEMETRY_NEXT_TRACK_START_TIME" DispatchName="nextTrackStartTime"/>
        <Element Name="TELEMETRY_CHANNELID" DispatchName="channelID"/>
        <Element Name="TELEMETRY_MATCH_MAKING_ID" DispatchName="matchmakingid"/>
      </SessionSearch>
    </TelemetryItem>
	
    <TelemetryItem Name="CRivalsChangeStateMessage" DemonwareId="10043" DemonwareCompression="true" OnlineDiagnosticsId="RivalsChangeState" >
      <Session Name="SESSION_GAME">
        <Element Name="TELEMETRY_SESSIONID" DispatchName="sessionid"/>
        <Element Name="TELEMETRY_DWID" DispatchName="DWID"/>
        <Element Name="TELEMETRY_WRITE_DATETIME" DispatchName="datetime"/>
      </Session>
    </TelemetryItem>
	
    <TelemetryItem Name="CRivalsChangeModuleLogDebugMessage" DemonwareId="10044" DemonwareCompression="true" OnlineDiagnosticsId="RivalsChangeModuleLogDebug" >
      <Session Name="SESSION_GAME">
        <Element Name="TELEMETRY_SESSIONID" DispatchName="sessionid"/>
        <Element Name="TELEMETRY_DWID" DispatchName="DWID"/>
        <Element Name="TELEMETRY_WRITE_DATETIME" DispatchName="datetime"/>
      </Session>
    </TelemetryItem>


    <!-- <Settings MinimumInterval="15" LocalDiagnosticsEndPoint="http://ukcvtoolsvr.freestylegames.com:987/Home/Log" /> -->

  </EventLogDispatcher>
  
  <!-- Telemetry dispatch information -->
  <Telemetry>
    <Session Name="CStreamProcessor">
      <Element Name="httpDownload">
        <Destination DispatcherName="LocalAnalytics" />
        <!-- Send data from CStreamProcessor labelled httpDownload to LocalAnalytics -->
        <Destination DispatcherName="EventLog" />
      </Element>
    </Session>

    <Session Name="CCachedFileEntry">
      <Element Name="partialBitmap">
        <!-- Send data from CCachedFileEntry labelled partialBitmap to EventLog -->
        <Destination DispatcherName="EventLog" />
      </Element>
    </Session>

    <Session Name="TELEMETRY_REWARD_CACHE">
      <Element Name="CTelemetryEvent_RewardCache">
        <Destination DispatcherName="EventLog" />
      </Element>
    </Session>

    <Session Name="SESSION_RIVALS_ARENA">
      <Element Name="TELEMETRY_RIVALS_ARENA_LAST_PLAYED_SEASON">
        <Destination DispatcherName="KeyArchive" Key="600" Action="replace" />
      </Element>
    </Session>

    <Session Name="SESSION_UI">
      <Element Name="TELEMETRY_UI_TRANSITION">
        <Destination DispatcherName="EventLog" />
      </Element>
    </Session>

    <Session Name="TELEMETRY_UI_COINS_FROM_CACHE">
      <Element Name="CTelemetryEvent_UI_Coins">
        <Destination DispatcherName="EventLog" />
      </Element>
    </Session>

    <Session Name="TELEMETRY_UI_XP_FROM_CACHE">
      <Element Name="CTelemetryEvent_UI_XP">
        <Destination DispatcherName="EventLog" />
      </Element>
    </Session>

    <Session Name="TELEMETRY_FILE_DOWNLOAD">
      <Element Name="CTelemetryEvent_FileDownloads">
        <Destination DispatcherName="EventLog" />
      </Element>
    </Session>

   <Session Name="SESSION_GAME">
      <Element Name="TELEMETRY_SONG_UNLOCKED">
        <Destination DispatcherName="EventLog" />
      </Element>
	  <Element Name="TELEMETRY_ACHIEVEMENT_UNLOCKED">
        <Destination DispatcherName="EventLog" />
      </Element>
	  <Element Name="TELEMETRY_DYNAMIC_CONTENT">
        <Destination DispatcherName="EventLog" />
      </Element>
    </Session>
	
    <Session Name="SESSION_MARKET">
      <Element Name="TELEMETRY_MARKET_PURCHASE">
        <Destination DispatcherName="EventLog" />
      </Element>
    </Session>

    <Session Name="SESSION_TRACK">
      <Element Name="TELEMETRY_TRACK">
        <Destination DispatcherName="EventLog" />
      </Element>
    </Session>
    
    <Session Name="GhtvMarketPlaceRequestQueue">
      <Element Name="GhtvMarketPlaceRequestQueueError">
        <!-- Send data from GhtvMarketPlaceRequestQueue labelled GhtvMarketPlaceRequestQueueError to ??? -->
      </Element>
    </Session>
	
    <Session Name="Rewards">
      <Element Name="SongEnd">
        <Destination DispatcherName="Rewards" />
		<Destination DispatcherName="DemonwareFacade" />
      </Element>
      <Element Name="CoinAward">
        <Destination DispatcherName="Rewards" />
		<Destination DispatcherName="DemonwareFacade" />
      </Element>
      <Element Name="DailyAward">
        <Destination DispatcherName="Rewards" />
		<Destination DispatcherName="DemonwareFacade" />
      </Element>
	  <Element Name="StartPremiumShow">
        <Destination DispatcherName="Rewards" />
		<Destination DispatcherName="DemonwareFacade" />
      </Element>
      <Element Name="PremiumSongEnd">
        <Destination DispatcherName="Rewards" />
		<Destination DispatcherName="DemonwareFacade" />
      </Element>
      <Element Name="BoostPriming">
        <Destination DispatcherName="Rewards" />
		<Destination DispatcherName="DemonwareFacade" />
      </Element>
      <Element Name="ClientRewardsReset">
        <Destination DispatcherName="Rewards" />
		<Destination DispatcherName="DemonwareFacade" />
      </Element>
      <Element Name="RivalSeasonsSeasonEnd">
        <Destination DispatcherName="Rewards" />
		<Destination DispatcherName="DemonwareFacade" />
      </Element>
      <Element Name="OpenVIPPack">
        <Destination DispatcherName="Rewards" />
		<Destination DispatcherName="DemonwareFacade" />
      </Element>
      <Element Name="Rivals">
        <Destination DispatcherName="Rewards" />
		<Destination DispatcherName="DemonwareFacade" />
      </Element>
    </Session>

    <Session Name="TelemetryLog">
      <Element Name="TelemetryLogMessage">
        <Destination DispatcherName="EventLog" />
      </Element>   
    </Session>

	<!-- Note: Keys are not scoped to session, each key must be unique. Key range ( 500 - 1500 ) -->
	
    <Session Name="SESSION_GHTV_METAGAME">
      <Element Name="TELEMETRY_SUPERSTAR_XP_DELTA">
        <Destination DispatcherName="KeyArchive" Key="500" Action="delta" />
      </Element>
      <Element Name="TELEMETRY_SUPERSTAR_STATUS_DELTA">
        <Destination DispatcherName="KeyArchive" Key="501" Action="delta" />
      </Element>
    </Session>	

    <Session Name="SESSION_GHTV_CUSTOMISATIONS">
      <Element Name="TELEMETRY_CUSTOMISATION_HIGHWAY">
        <Destination DispatcherName="KeyArchive" Key="502" Action="replace" />
      </Element>
      <Element Name="TELEMETRY_CUSTOMISATION_PLAYERCARD">
        <Destination DispatcherName="KeyArchive" Key="503" Action="replace" />
      </Element>
    </Session>

    <Session Name="SESSION_FULL_APP_UNLOCK">
      <Element Name="TELEMETRY_FULL_APP_PERMANENTLY_ULOCKED">
        <Destination DispatcherName="KeyArchive" Key="504" Action="replace" />
      </Element>
      <Element Name="TELEMETRY_FULL_APP_TEMPORARILY_UNLOCKED_COUNT">
        <Destination DispatcherName="KeyArchive" Key="505" Action="replace" />
      </Element>
      <Element Name="TELEMETRY_FULL_APP_UNLOCK_GUITAR_PLAY_TIME">
        <Destination DispatcherName="KeyArchive" Key="506" Action="replace" />
      </Element>
      <Element Name="TELEMETRY_FULL_APP_UNLOCK_GUITAR_CONNECTION_COUNTDOWN">
        <Destination DispatcherName="KeyArchive" Key="507" Action="replace" />
      </Element>
    </Session>

    <Session Name="CMatchMakingTelemetry">
      <Element Name="CTotemStateMessage">
        <Destination DispatcherName="EventLog" />
      </Element>
      <Element Name="CMatchmakingQueryMessage">
        <Destination DispatcherName="EventLog" />
      </Element>
      <Element Name="CMatchmakingFilterMessage">
        <Destination DispatcherName="EventLog" />
      </Element>
      <Element Name="CMatchMakingJoinTelemetryMessage">
        <Destination DispatcherName="EventLog" />
      </Element>
      <Element Name="CMatchMakingHostTelemetryMessage">
        <Destination DispatcherName="EventLog" />
      </Element>
      <Element Name="CMatchmakingSortValueMessage">
        <Destination DispatcherName="EventLog" />
      </Element>
    </Session>

    <Session Name="CRivals">
      <Element Name="CRivalsPairingMessage">
        <Destination DispatcherName="EventLog" />
      </Element>
      <Element Name="CEventDataRivalsPairList">
        <Destination DispatcherName="EventLog" />
      </Element>
      <Element Name="CEventDataRivalsPlayer">
        <Destination DispatcherName="EventLog" />
      </Element>
      <Element Name="CRivalsChangeStateMessage">
        <Destination DispatcherName="EventLog" />
      </Element>
      <Element Name="CRivalsChangeModuleLogDebugMessage">
        <Destination DispatcherName="EventLog" />
      </Element>
    </Session>
	
	<Session Name="CChannelChangeDebug">
		<Element Name="CEventDataChannelChangeReason">
			<Destination DispatcherName="EventLog" />
		</Element>
	</Session>

  </Telemetry>
  
  <SaveSystem>     
	<TelemetrySave>
		<Session Type="SESSION_AWARDS" SectionName="GHLive" >
			<Element Name="TELEMETRY_LAST_TIME_PLAYED" />
			<Element Name="TELEMETRY_NUM_CONSECUTIVE_DAYS_PLAYED" />
			<Element Name="TELEMETRY_LAST_TIME_PLAYED_GHTV" />
			<Element Name="TELEMETRY_NUM_CONSECUTIVE_DAYS_PLAYED_GHTV" />
			<Element Name="TELEMETRY_NUM_GHTV_SONGS_COMPLETED" />
			<Element Name="TELEMETRY_TOTAL_TIMES_GHTV_SONG_5_STARRED" />
			<Element Name="TELEMETRY_NUM_SONGS_OVER_90_PERCENT" />
			<Element Name="TELEMETRY_NUM_SONGS_OVER_200_STREAK" />
			<Element Name="TELEMETRY_100_PERCENT_SONGS_GHTV_MOST_PLAYED" />
			<Element Name="TELEMETRY_AWARDS_ARRAY_ONESHOTS" />	
			<Element Name="TELEMETRY_AWARDS_ARRAY_ACTIVATIONS" />
			<Element Name="TELEMETRY_ACHIEVEMENTS_NUM_TRACKS_QUICKPLAYED" />	
			<Element Name="TELEMETRY_ACHIEVEMENTS_TUTORIAL_COMPLETE" />
			<Element Name="TELEMETRY_ACHIEVEMENTS_ONE_ACT_IS_COMPLETE" />
			<Element Name="TELEMETRY_ACHIEVEMENTS_QUICKPLAY_ACCUMULATED_SCORE" />
			<Element Name="TELEMETRY_ACHIEVEMENTS_QUICKPLAY_NUM_SONGS_SANG" />
			<Element Name="TELEMETRY_ACHIEVEMENTS_LIVE_NUM_SONGS_FIVE_STARRED" />
			<Element Name="TELEMETRY_ACHIEVEMENTS_LIVE_NUM_SONGS_100_PERCENT_EXPERT" />
			<Element Name="TELEMETRY_ACHIEVEMENTS_QUICKPLAY_NUM_SONGS_100_PERCENT_REGULAR" />
			<Element Name="TELEMETRY_ACHIEVEMENTS_GHTV_TOTAL_PLAYTOKEN_USES" />
			<Element Name="TELEMETRY_ACHIEVEMENTS_GHTV_TOTAL_SILVER_SONGS" />
			<Element Name="TELEMETRY_ACHIEVEMENTS_GHTV_TOTAL_STARS" />
			<Element Name="TELEMETRY_ACHIEVEMENTS_GHTV_NUM_SONGS_FIVE_STARRED" />
			<Element Name="TELEMETRY_ACHIEVEMENTS_GHTV_EXPERT_STARS" />
			<Element Name="TELEMETRY_TOP_N_FINISHES_GHTV_FREE" />
			<Element Name="TELEMETRY_CONSECUTIVE_TOP_N_ON_DEMAND_FINISHES_GHTV" />
			<Element Name="TELEMETRY_ACHIEVEMENTS_GHTV_LASTSONG_STARS" />
			<Element Name="TELEMETRY_ACHIEVEMENTS_GHTV_CONSECUTIVE_STARS_RUN" />
			<Element Name="TELEMETRY_ACHIEVEMENTS_GHTV_FREE_LASTSONG_STARS" />
			<Element Name="TELEMETRY_ACHIEVEMENTS_GHTV_TOTAL_SCORE" />
			<Element Name="TELEMETRY_ACHIEVEMENTS_GHTV_LASTSONG_SCORE" />
			<Element Name="TELEMETRY_ACHIEVEMENTS_GHTV_LASTSONG_STREAK" />
			<Element Name="TELEMETRY_ACHIEVEMENTS_GHTV_HERO_POWER_ACTIVATIONS" />
			<Element Name="TELEMETRY_ACHIEVEMENTS_GHTV_HERO_POWER_ACTIVATION_IDS" />
			<Element Name="TELEMETRY_ACHIEVEMENTS_GHTV_UNIQUE_HERO_POWER_ACTIVATIONS" />
			<Element Name="TELEMETRY_ACHIEVEMENTS_GHTV_NUM_SONGS_SUNG" />
			<Element Name="TELEMETRY_ACHIEVEMENTS_GHLIVE_SWITCHED_NEGI_TO_POSI_LAST_10S" />
			<Element Name="TELEMETRY_ACHIEVEMENTS_GHLIVE_ARRAY_BANDS_PLAYED_WITH" />
			<Element Name="TELEMETRY_ACHIEVEMENTS_GHLIVE_ARRAY_BAND_VIDEOS_WATCHED" />
			<Element Name="TELEMETRY_ACHIEVEMENTS_GHLIVE_NUM_SETS_AWESOME_REG_OR_ABOVE" />
			<Element Name="TELEMETRY_ACHIEVEMENTS_GHLIVE_NUM_SETS_AWESOME_ANY" />
			<Element Name="TELEMETRY_GHTV_STRUM_COUNT" />
			<Element Name="TELEMETRY_CREDIT_WATCH_COUNT" />
			<Element Name="TELEMETRY_GHTV_ONDEMAND_STARS_LEFTY" />
			
			<Element Name="TELEMETRY_GHTV_HIGHWAYS_EQUIPPED" />
			<Element Name="TELEMETRY_GHTV_HIGHWAYS_EQUIPPED_COUNT" />
			<Element Name="TELEMETRY_GHTV_PLAYER_CARDS_ACQUIRED" />
			<Element Name="TELEMETRY_GHTV_PLAYER_CARDS_ACQUIRED_COUNT" />
			<Element Name="TELEMETRY_GHTV_MAX_GUITAR_MODIFIER_LEVEL" />
			<Element Name="TELEMETRY_TIME_PLAYED_IN_CHANNEL" />
			<Element Name="TELEMETRY_TOTAL_TIME_PLAYED_GHTV" />

		</Session>
		<Session Type="SESSION_ACT_PROGRESSION" SectionName="GHLive" >
			<Element Name="TELEMETRY_MAX_TOTAL_GUITAR_STARS" />
			<Element Name="TELEMETRY_MAX_TOTAL_VOCAL_STARS" />
			<Element Name="TELEMETRY_ACT_COMPLETED" />
			<Element Name="TELEMETRY_ACT_UNLOCKED_BY_PLAYER" />
			<Element Name="TELEMETRY_MAX_PERFORMANCE_RATING" />
			<Element Name="TELEMETRY_MAX_PERFORMANCE_RATING_REGULAR_OR_ABOVE" />
		</Session>
		<Session Type="SESSION_LIVE_ONBOARDING" SectionName="GHLive" >
			<Element Name="TELEMETRY_LIVE_ONBOARDING_COMPLETE" />
			<Element Name="TELEMETRY_LIVE_ONBOARDING_MAIN_MENU_TUTORIAL_COMPLETE" />
			<Element Name="TELEMETRY_LIVE_ONBOARDING_TOUCH_TUTORIAL_COMPLETE" />
		</Session>
        <Session Type="SESSION_EULA_VERSION_AGREED" SectionName="GHLive" >
            <Element Name="TELEMETRY_EULA_VERSION_AGREED" />
        </Session>
		<Session Type="SESSION_UNO" SectionName="Settings" >
			<Element Name="TELEMETRY_UNO_SIGN_IN_NUM_REMINDERS" />
			<Element Name="TELEMETRY_UNO_SIGN_IN_HAS_SEEN_MARKETING" />
			<Element Name="TELEMETRY_UNO_IS_USER_OLD_ENOUGH" />
			<Element Name="TELEMETRY_UNO_HAS_ENTERED_AGE" />
		</Session>
		<Session Type="SESSION_GHLIVE_TRACK_UNLOCK" SectionName="GHLive" >
			<Element Name="TELEMETRY_LIVE_TRACK_UNLOCKED" />
			<Element Name="TELEMETRY_LIVE_TRACK_MAX_STARS_ACHIEVED_PER_DIFFICULTY" />
			<Element Name="TELEMETRY_LIVE_TRACK_MAX_NOTES_HIT_PER_DIFFICULTY" />
			<Element Name="TELEMETRY_LIVE_TRACK_MAX_LONGEST_STREAK_PER_DIFFICULTY" />
			<Element Name="TELEMETRY_LIVE_TRACK_MAX_SCORE_PER_DIFFICULTY" />
		</Session>
		<Session Type="SESSION_GHLIVE_FESTIVAL" SectionName="GHLive" >
			<Element Name="TELEMETRY_FESTIVAL_OVERVIEW_UNLOCKED" />
			<Element Name="TELEMETRY_FESTIVAL_BEHIND_THE_SCENES_UNLOCKED" />
			<Element Name="TELEMETRY_FESTIVAL_BAND_CONTENT_UNLOCKED" />
		</Session>
		<Session Type="SESSION_GHTV_ONBOARDING_LESSONS" SectionName="GHTV" >
			<Element Name="TELEMETRY_GHTV_ONBOARDING_LESSON_COMPLETE" />
		</Session>
		<Session Type="SESSION_GHTV_ONBOARDING" SectionName="GHTV" >
			<Element Name="TELEMETRY_GHTV_ONBOARDING_CHANNEL" />
			<Element Name="TELEMETRY_GHTV_ONBOARDING_CHANNEL_OFFSET" />
			<Element Name="TELEMETRY_GHTV_RIVALS_ARENA_ONBOARDING_COMPLETE" />
		</Session>
		<Session Type="SESSION_GHTV_GUIDE" SectionName="GHTV" >
			<Element Name="TELEMETRY_GHTV_GUIDE_UNLOCK_STORE_SIDE" />
			<Element Name="TELEMETRY_GHTV_GUIDE_UNLOCK_STORE_MENU" />
			<Element Name="TELEMETRY_GHTV_GUIDE_UNLOCK_GHTV_WITH_FRIENDS" />
			<Element Name="TELEMETRY_GHTV_GUIDE_UNLOCK_MY_GHTV_SIDE" />
			<Element Name="TELEMETRY_GHTV_GUIDE_UNLOCK_MY_GHTV_MENU" />
			<Element Name="TELEMETRY_GHTV_GUIDE_UNLOCK_GUITAR_UPGRADES" />
			<Element Name="TELEMETRY_GHTV_GUIDE_UNLOCK_HERO_POWER" />
			<Element Name="TELEMETRY_GHTV_GUIDE_UNLOCK_HIGHWAYS" />
			<Element Name="TELEMETRY_GHTV_GUIDE_UNLOCK_PLAYER_CARDS" />
			<Element Name="TELEMETRY_GHTV_GUIDE_UNLOCK_PASSES" />
			<Element Name="TELEMETRY_GHTV_GUIDE_UNLOCK_HERO_CASH" />
			<Element Name="TELEMETRY_GHTV_GUIDE_UNLOCK_PREMIUM_SHOWS_SIDE" />
			<Element Name="TELEMETRY_GHTV_GUIDE_UNLOCK_PREMIUM_SHOWS_MENU" />
			<Element Name="TELEMETRY_GHTV_GUIDE_UNLOCK_VIP_MENU" />
			<Element Name="TELEMETRY_GHTV_GUIDE_UNLOCK_RIVALS" />
			<Element Name="TELEMETRY_GHTV_GUIDE_UNLOCK_RIVALS_ARENA" />
		</Session>
		<Session Type="SESSION_CALIBRATION" SectionName="Settings" >
			<Element Name="TELEMETRY_AUDIO_CALIBRATION" />
			<Element Name="TELEMETRY_VIDEO_CALIBRATION" />
			<Element Name="TELEMETRY_MIC_CALIBRATION" />
			<Element Name="TELEMETRY_LIVE_PLAYED_OPENING_SET" />
			<Element Name="TELEMETRY_LIVE_CALIBRATION_ACTIVE" />
		</Session>
		<Session Type="SESSION_SETTINGS" SectionName="Settings" >
			<Element Name="TELEMETRY_SETTINGS_DIFFICULTY" />
			<Element Name="TELEMETRY_SETTINGS_LEFTY" />
			<Element Name="TELEMETRY_SETTINGS_SCREEN_GAMMA" />
			<Element Name="TELEMETRY_SETTINGS_AUDIO_SYSTEM_SPATIAL_LAYOUT" />
			<Element Name="TELEMETRY_SETTINGS_SELECTED_SPEAKERS" />
			<Element Name="TELEMETRY_SETTINGS_DYNAMIC_RANGE" />
			<Element Name="TELEMETRY_SETTINGS_VOCALS_USER_TOGGLE" />
      <Element Name="TELEMETRY_SETTINGS_RIVALS_CHALLENGE" />
      <Element Name="TELEMETRY_SETTINGS_RIVALS_ARENA_ENABLED_NOTIFICATION_SHOWN" />
      <Element Name="TELEMETRY_SETTINGS_GUITAR_VOLUME" />
			<Element Name="TELEMETRY_SETTINGS_BAND_VOLUME" />
			<Element Name="TELEMETRY_SETTINGS_CROWD_VOLUME" />
			<Element Name="TELEMETRY_SETTINGS_SFX_VOLUME" />
			<Element Name="TELEMETRY_SETTINGS_MIC_VOLUME" />
			<Element Name="TELEMETRY_SETTINGS_DEFAULT_GHTV_CHANNEL" />
			<Element Name="TELEMETRY_SETTINGS_DEFAULT_VIDEO_LOD_LEVEL" />
			<Element Name="TELEMETRY_SETTINGS_SHOW_CHANGE_CHANNEL_CONFIRMATION" />
			<Element Name="TELEMETRY_SETTINGS_QUICK_CHANNEL_CHANGE_ENABLED" />
      <Element Name="TELEMETRY_SETTINGS_SHOW_PLAYNOW_CLEAR_PLAYLIST_CONFIRMATION" />
      <Element Name="TELEMETRY_SETTINGS_SHOW_HEROPOWER_PLAYSONG_CONFIRMATION" />
		</Session>
		<Session Type="SESSION_TRACK_DATA" SectionName="GHLive" >
			<Element Name="TELEMETRY_TRACK_QUICKPLAYED" />	
			<Element Name="TELEMETRY_TRACK_FIVE_STARRED" />					
		</Session>
  </TelemetrySave>	 
  </SaveSystem>

  <KeyArchiveLoader>
    <Session Name="SESSION_GHTV_METAGAME">
      <Element Name="TELEMETRY_SUPERSTAR_XP_TOTAL" Key="500" />
      <Element Name="TELEMETRY_SUPERSTAR_STATUS_CURRENT" Key="501" />
    </Session>
    <Session Name="SESSION_GHTV_CUSTOMISATIONS">
      <Element Name="TELEMETRY_CUSTOMISATION_HIGHWAY" Key="502" />
      <Element Name="TELEMETRY_CUSTOMISATION_PLAYERCARD" Key="503" />
    </Session>
    <Session Name="SESSION_FULL_APP_UNLOCK">
      <Element Name="TELEMETRY_FULL_APP_PERMANENTLY_ULOCKED" Key="504" />
      <Element Name="TELEMETRY_FULL_APP_TEMPORARILY_UNLOCKED_COUNT" Key="505" />
      <Element Name="TELEMETRY_FULL_APP_UNLOCK_GUITAR_PLAY_TIME" Key="506" />
      <Element Name="TELEMETRY_FULL_APP_UNLOCK_GUITAR_CONNECTION_COUNTDOWN" Key="507" />
    </Session>
    <Session Name="SESSION_RIVALS_ARENA">
      <Element Name="TELEMETRY_RIVALS_ARENA_LAST_PLAYED_SEASON" Key="600" />
    </Session>
  </KeyArchiveLoader>
  
  <SystemStatistics>
    <Session Name="SESSION_AWARDS" UserSession="true">
      <Element Name="TELEMETRY_ACHIEVEMENTS_NUM_TRACKS_QUICKPLAYED" />
    </Session>
  </SystemStatistics>
  
  <!-- Data for the Free App -->
  <FreeApp>
	<BuyGuitarUrl>http://www.guitarhero.com</BuyGuitarUrl>
  </FreeApp>

  <!-- Data for the Ghtv marketplace -->
  <GhtvMarketplace>
	<!--RefreshRates-->
	<BankBalanceRefreshRate>3600</BankBalanceRefreshRate> 	<!-- Value in seconds -->
    <RefreshRequestDelay>2.0</RefreshRequestDelay> 			<!-- Value in seconds -->
	<RequestTimeoutDelay>60.0</RequestTimeoutDelay> 			<!-- Value in seconds -->

  </GhtvMarketplace>
  
  <Gameplay>
	  <MiniHeroPowerMenuDisplayTime>5.0</MiniHeroPowerMenuDisplayTime><!-- Highway Lead In-->
	  <GuitarHighwayLeadIn>2.0</GuitarHighwayLeadIn><!-- Highway Lead In-->
	  <GuitarHighwayLeadOut>1.5</GuitarHighwayLeadOut><!-- Highway Lead out-->
	  <VocalHighwayLeadIn>2.0</VocalHighwayLeadIn><!-- Highway Lead In-->
	  <VocalHighwayLeadOut>1.5</VocalHighwayLeadOut><!-- Highway Lead Out-->
	  
    <PrewarmCache>
	  	<Channel>1</Channel>
	  	<Channel>2</Channel>
	  </PrewarmCache>

     <HeroPowerActivation>
       <TiltToActivate>0.99</TiltToActivate> <!-- do not set to 1.0 as the 360 tilt seems to max out at 0.99 so it would be impossible to activate at 1.0 -->
       <TiltAccelerationToActivate>0.0</TiltAccelerationToActivate>
       <NumFramesToTest>2</NumFramesToTest>
     </HeroPowerActivation>
	  
	  <DailyLogOnMessageInterval>60.0</DailyLogOnMessageInterval><!-- Frequency at which we send the daily log on message in minutes -->
	  
	  <UsingBufferedStrumInputs>false</UsingBufferedStrumInputs>	<!-- Should we buffer strum inputs on guitars-->
	  
	  <GHTVIdleTime>15.0</GHTVIdleTime><!-- How long the player needs to be idle before they're dropped out -->
	  <GHTVRivalArenaAdditionalIdleTime>30.0</GHTVRivalArenaAdditionalIdleTime><!-- How long to be added to the player idle time in Rival Arena -->
	  <GHTVInactivityTime>900.0</GHTVInactivityTime><!-- How long before the player is kicked back to the FE for inactivity e.g. 900 seconds( 60.0f * 15.0f ) 15 mins -->
    <MinTimeBeforeChannelChange>1.0</MinTimeBeforeChannelChange>
    <ChannelChangeHeldButtonTime>0.01</ChannelChangeHeldButtonTime>
    <GHTVGuideActivationHeldButtonTime>0.01</GHTVGuideActivationHeldButtonTime>
    <PlayerDefaultSkillRating>0.02</PlayerDefaultSkillRating>
	<SkipOnboardingHeldButtonTime>5.0</SkipOnboardingHeldButtonTime>
	<PlayerSkillSwingSpeedInTracks>50</PlayerSkillSwingSpeedInTracks>
	<PlayerSkillUpwardsMultiplier>1.0</PlayerSkillUpwardsMultiplier>
	<PlayerSkillDownwardsMultiplier>0.5</PlayerSkillDownwardsMultiplier>

    <UserPreferencesWriteIntervalSeconds>30.0</UserPreferencesWriteIntervalSeconds>
  </Gameplay>

  <HUD>
    <TotemRefreshTime>5.0</TotemRefreshTime>
  </HUD>
  
  <SuperstarStatus>
	<SuperstarXPInitial>0</SuperstarXPInitial> <!-- Superstar XP Initial -->
  </SuperstarStatus>
    
	<Totem>
		<BotProfiles>
			<Profile id="1">
				<Checkpoints>
					<Checkpoint id="0" multiplier="0.75" />
				</Checkpoints>
			</Profile>
			<Profile id="2">
				<Checkpoints>
					<Checkpoint id="0" multiplier="1.0" />
				</Checkpoints>
			</Profile>
			<Profile id="3">
				<Checkpoints>
					<Checkpoint id="0" multiplier="1.0" />
					<Checkpoint id="1" multiplier="1.3" />
				</Checkpoints>
			</Profile>
			<Profile id="4">
				<Checkpoints>
					<Checkpoint id="0" multiplier="1.0" />
					<Checkpoint id="1" multiplier="2.0" />
				</Checkpoints>
			</Profile>
			<Profile id="5">
				<Checkpoints>
					<Checkpoint id="0" multiplier="1.0" />
					<Checkpoint id="1" multiplier="2.0" />
					<Checkpoint id="2" multiplier="2.5" />
				</Checkpoints>
			</Profile>
			<Profile id="6">
				<Checkpoints>
					<Checkpoint id="0" multiplier="1.0" />
					<Checkpoint id="1" multiplier="2.0" />
					<Checkpoint id="2" multiplier="3.0" />
				</Checkpoints>
			</Profile>
			<Profile id="7">
				<Checkpoints>
					<Checkpoint id="0" multiplier="1.0" />
					<Checkpoint id="1" multiplier="2.0" />
					<Checkpoint id="2" multiplier="3.0" />
					<Checkpoint id="3" multiplier="3.25" />
				</Checkpoints>
			</Profile>
			<Profile id="8">
				<Checkpoints>
					<Checkpoint id="0" multiplier="1.0" />
					<Checkpoint id="1" multiplier="2.0" />
					<Checkpoint id="2" multiplier="3.0" />
					<Checkpoint id="3" multiplier="3.8" />
				</Checkpoints>
			</Profile>
			<Profile id="9">
				<Checkpoints>
					<Checkpoint id="0" multiplier="1.0" />
					<Checkpoint id="1" multiplier="2.0" />
					<Checkpoint id="2" multiplier="3.0" />
					<Checkpoint id="3" multiplier="4.0" />
				</Checkpoints>
			</Profile>
		</BotProfiles>
	</Totem>
	
	<OnlineMultiplayer>
		<DisableInactivePlayerOnSongEndDelay>10.0</DisableInactivePlayerOnSongEndDelay>
	</OnlineMultiplayer>

  <Video>
    <TestcardMinTimeMilliseconds>3000</TestcardMinTimeMilliseconds>
    <TestcardMaxFadeOutTimeMilliseconds>5000</TestcardMaxFadeOutTimeMilliseconds>
    <BufferingIconRemovalTimeMilliseconds>16000</BufferingIconRemovalTimeMilliseconds>
    <BufferingIconMaxTimeBeforeBailOut>20000</BufferingIconMaxTimeBeforeBailOut>
	
	<VideoLODs>
	
		<!-- 1: 0p -->
		<None minBandwidth="1.0"/>
		<!-- 2: 360p -->
		<Low minBandwidth="2.5"/>
		<!-- 3: 540p -->
		<Medium minBandwidth="5" />
		<!-- 4: 720p -->
		<High minBandwidth="10" />
		
	</VideoLODs>
	
	<!--<VideoLODOverride>Medium</VideoLODOverride>-->
	
  </Video>

  <KeyArchiveDispatcher>
    <TimerInterval>60.0</TimerInterval>
    <DeltaSettleTime>2.0</DeltaSettleTime>
    <DeferredSyncTime>5.0</DeferredSyncTime>
  </KeyArchiveDispatcher>
  
  <DynamicContent>
	<LoadTimeToleranceMilliseconds>15000</LoadTimeToleranceMilliseconds>
	<LoadTimeLocalFallbackMilliseconds>5000</LoadTimeLocalFallbackMilliseconds>
	<ScheduledAssetOverlapToleranceMilliseconds>0</ScheduledAssetOverlapToleranceMilliseconds>
  </DynamicContent>
  
  <CoinModifiers>
	<Intensity1>1.0</Intensity1>
	<Intensity2>1.1</Intensity2>
	<Intensity3>1.2</Intensity3>
	<Intensity4>1.3</Intensity4>
	<Intensity5>1.4</Intensity5>
  </CoinModifiers>
  
  <GuitarModifiers>
	<BaseScore>
		<Modifier Level="0" Value="1.0"/><!-- Default -->
		<Modifier Level="1" Value="1.0"/><!-- Awarded at initial login -->
		<Modifier Level="2" Value="1.14"/>
		<Modifier Level="3" Value="1.28"/>
		<Modifier Level="4" Value="1.45"/>
	</BaseScore>
	<MaxMultiplier>
		<Modifier Level="0" Value="4"/><!-- Default -->
		<Modifier Level="1" Value="4"/><!-- Awarded at initial login -->
		<Modifier Level="2" Value="5"/>
		<Modifier Level="3" Value="6"/>
		<Modifier Level="4" Value="7"/>
	</MaxMultiplier>
	<StreakCounter>
		<Modifier Level="0" Value="10"/><!-- Default -->
		<Modifier Level="1" Value="10"/><!-- Awarded at initial login -->
		<Modifier Level="2" Value="9"/>
		<Modifier Level="3" Value="8"/>
		<Modifier Level="4" Value="6"/>
	</StreakCounter>
	<HeroPower>
		<Modifier Level="0" Value="2"/><!-- Default -->
		<Modifier Level="1" Value="2"/><!-- Awarded at initial login -->
		<Modifier Level="2" Value="3"/>
		<Modifier Level="3" Value="4"/>
		<Modifier Level="4" Value="-1"/>
	</HeroPower>	
	<GuitarModifierMaxLevelOverride>4</GuitarModifierMaxLevelOverride>
  </GuitarModifiers>
  
  <SingingModifiers>
    <SingingLogicModifiers>
      <PitchMatchingWindowPreviousTime>0.1</PitchMatchingWindowPreviousTime>
      <PitchMatchingWindowLookAheadTime>0.1</PitchMatchingWindowLookAheadTime>
      <MaxCentsDeviationAllowed>0.5</MaxCentsDeviationAllowed>
      <RapMatchingWindowPreviousTime>0.1</RapMatchingWindowPreviousTime>
      <RapMatchingWindowLookAheadTime>0.1</RapMatchingWindowLookAheadTime>
    </SingingLogicModifiers>
    <SingingScoringModifiers>
      <SectionScore>20</SectionScore>
      <RapSectionScore>150</RapSectionScore>
      <HarmonicRichnessBonusScore>5</HarmonicRichnessBonusScore>
      <PercentagePhraseHitToIncreaseMultiplier>50.0</PercentagePhraseHitToIncreaseMultiplier>
      <MaxMultiplier>4</MaxMultiplier>
      <PhraseThresholds>
        <Threshold Rating="0" Value="0.0"/><!-- Bad -->
        <Threshold Rating="1" Value="16.7"/><!-- OK -->
        <Threshold Rating="2" Value="33.3"/><!-- Good -->
        <Threshold Rating="3" Value="50.0"/><!-- Great -->
        <Threshold Rating="4" Value="66.7"/><!-- Amazing -->
        <Threshold Rating="5" Value="83.3"/><!-- Awesome -->
      </PhraseThresholds>
      <StarThresholds>
        <Threshold Rating="1" Value="4.0"/>
        <Threshold Rating="2" Value="8.0"/>
        <Threshold Rating="3" Value="16.0"/>
        <Threshold Rating="4" Value="32.0"/>
        <Threshold Rating="5" Value="64.0"/>
      </StarThresholds>
    </SingingScoringModifiers>
  </SingingModifiers>
  
  <OnlineServicesDistribution>
    <Delays>
      <KeyArchiveSendDelay>5.0</KeyArchiveSendDelay>
      <RewardsSendDelay>0.0</RewardsSendDelay>
      <TelemetrySendDelay>10.0</TelemetrySendDelay>
      <UserStorageSendDelay>15.0</UserStorageSendDelay>
    </Delays>
    <Durations>
      <KeyArchiveSendDuration>5.0</KeyArchiveSendDuration>
      <RewardsSendDuration>5.0</RewardsSendDuration>
      <TelemetrySendDuration>5.0</TelemetrySendDuration>
      <UserStorageSendDuration>15.0</UserStorageSendDuration>
    </Durations>
  </OnlineServicesDistribution>
  
  <NetworkKeyMask>00000000000000000000000000000000</NetworkKeyMask>
  <NetworkKeySalt>9eIxwGHYt7X18/t1+FKCyg==</NetworkKeySalt>
 
  <InitialOnboardingChannelID>33</InitialOnboardingChannelID>
  
  <RivalsFramework>
	<PairingSetupTime>10000</PairingSetupTime>
  </RivalsFramework>
  
  <ResponseTimeLimits>	<!-- Limits allowing the client to calculate when results flow changes should happen to support Demonware Rewards and other external services -->
	<ArbitrationTimeLimitMilliseconds>3000</ArbitrationTimeLimitMilliseconds>
	<DemonwareResponseTimeLimitMilliseconds>3000</DemonwareResponseTimeLimitMilliseconds>
  </ResponseTimeLimits>
  
  <Guitavatars>
 
	<!-- The amount of CND skill to subtract from the players skill to find valid losertars, the range (below) is also applied to this value -->
	<LosertarSkillModifier>1.2</LosertarSkillModifier>
	
	<!-- The number of losertars to use at each level --> 
	<LosertarQuotas>
		<Quota Level="0" Quota="7" />
		<Quota Level="1" Quota="7" />
		<Quota Level="2" Quota="7" />
		<Quota Level="3" Quota="7" />
		<Quota Level="4" Quota="7" />
		<Quota Level="5" Quota="5" />
		<Quota Level="6" Quota="5" />
		<Quota Level="7" Quota="5" />
		<Quota Level="8" Quota="2" />
		<Quota Level="9" Quota="2" />
		<Quota Level="10" Quota="2" />
		<Quota Level="11" Quota="2" />
	</LosertarQuotas>
	
	<!-- The query range for guitavatars to use, between -3.7 and +3.7 -->
	<RatingQueryRange DistributionUp="1.0" DistributionDown="0.6" />
	
	<!-- The query range for losertars to use, between -3.7 and +3.7 -->
	<LosertarRatingQueryRange DistributionUp="1.0" DistributionDown="0.6" />
	
	<!-- The query range to use when matching against custom ratings -->
	<CustomRatingQueryRange DistributionUp="0.1" DistributionDown="0.3" />
	
	<!-- The minimum number of entries required in the leaderboard before we use that leaderboard to retrieve scores -->
	<MinSongLeaderboardEntries>60</MinSongLeaderboardEntries>
	
	<!-- The amount of superstar status to look below the players to find valid guitavatars -->
	<SuperstarStatusDownRange>4</SuperstarStatusDownRange>
	
	<!-- Default values for fake guitavatars/start profiles -->
	<DefaultIntensityModifier Intensity="1" Min="0" Max="3.4"/>
	<DefaultIntensityModifier Intensity="2" Min="0" Max="2.9"/>
	<DefaultIntensityModifier Intensity="3" Min="0" Max="2.4"/>
	<DefaultIntensityModifier Intensity="4" Min="0" Max="1.9"/>
	<DefaultIntensityModifier Intensity="5" Min="0" Max="1.4"/>
	
	<!-- The minimum amount of time there must be in a track in order for the guitavatar evaluators to keep running -->
	<MinTimeLeftInTrackToContinue>5.0</MinTimeLeftInTrackToContinue>
	
	<!-- You can add up to 30 fake guitavatars here, they will be randomly selected, 1-32 characters in length -->
	<FakeGuitavatars>
		<Name>RocketAirRob</Name>
		<Name>FlipTrickAmory</Name>
		<Name>Jamie-Quantum</Name>
		<Name>Billy-Quantum</Name>
		<Name>xXGabbyFosterXx</Name>
		<Name>xXEmmaAndrewsXx</Name>
		<Name>xXAichaGeorgeXx</Name>
		<Name>Alex_Martinez_JH</Name>
		<Name>Cheryl_Harper_JH</Name>
		<Name>Jonty_Reid_JH</Name>
		<Name>Yasmin.Vivid.Miller</Name>
		<Name>Kitty.Vivid.Harvey</Name>
		<Name>Sara.Vivid.Harvey</Name>
		<Name>TheOnlyAlexMoore</Name>
		<Name>HandsomeRikkiSanders</Name>
		<Name>RikkiGrant34</Name>
		<Name>RomeroRhythm111</Name>
		<Name>JackWildcardEllis</Name>
		<Name>ArtisticMoretti23</Name>
		<Name>DrummerDomenico</Name>
		<Name>NiceGuySeraphim</Name>
		<Name>SensitiveStinaHart</Name>
		<Name>CountryGalLizzie</Name>
		<Name>NickGrooveMills</Name>
		<Name>JokerJonClark</Name>
		<Name>CrazyCatMurphy</Name>
		<Name>SeraSticksAllen</Name>
		<Name>JayTheIntense</Name>
		<Name>MoshPitMorgan</Name>
		<Name>RockinRusso</Name>
	</FakeGuitavatars>
	
	<!-- The amount a player's guitavatar can LERP towards an updated intensity value -->
	<IntensityLERPRatio Min="0.01" Max="0.8"/>
	
	<!-- When an intensity is updated on a track, (1 - these values) intensities higher than the track intensity will be bounded between these ratios of the previous intensity -->
	<IntensityModSpacingRatio Min="0.2" Max="0.9"/>
	
	<!-- When an intensity is updated on a track, intensities lower than the track intensity will be bounded between these multipliers of the previous intensity -->
	<IntensityModSpacingMultiplier Min="1.2" Max="1.5"/>
	
  </Guitavatars>

  <CompanionAppServer>
    <!-- Maximum number of companion app connections that can be made to the game -->
    <NumCompanionConnections>4</NumCompanionConnections>
    
    <!-- How long to allow no the connection to not receive microphone audio data before forcing a disconnect -->
    <MicPeerTimeout>2.0</MicPeerTimeout>
    
    <!-- How frequently to send keepalive pings down the LAN connection -->
    <MicPingTimeout>0.5</MicPingTimeout>
  </CompanionAppServer>
  
  <!-- The tolerances at the end of the track before we mark the track as complete (in seconds)-->
  <TrackEndTolerances>
	<EndOfTrackTolerance>1.0</EndOfTrackTolerance>
	<EndOfMusicTolerance>1.0</EndOfMusicTolerance>
  </TrackEndTolerances>
  
  <!-- Send the QoS Telemetry every 5 minutes -->
  <QoSTelemetrySampleDuration>300</QoSTelemetrySampleDuration>

    <MatchMaking>
        <Algorithms>
            <Algorithm description="GHTV">
                <Demonware id="1" context="TU3" />
                <SelectionCriteria type="Free" groupOverride="1" />
                <Filter>
                    <Attribute name="LosatarCount" />
                </Filter>
                <Sort>
                    <Attribute name="Skill" weighting="1.0" limitdelta="0.6" />
                </Sort>
                <WeightedRandom minimumchance="0.9" maximumchance="1.00206" distanceforminimum="7.4" />
            </Algorithm>
            <Algorithm description="GHTV Debug">
                <Demonware id="1" context="TU3" />
                <SelectionCriteria type="Free" />
                <Filter>
                    <Attribute name="LosatarCount" />
                </Filter>
                <Sort>
                    <Attribute name="Skill" weighting="1.0" />
                </Sort>
                <WeightedRandom minimumchance="1.0" />
            </Algorithm>
            <Algorithm description="Arena">
                <Demonware id="1" context="TU3" />
                <SelectionCriteria type="Arena" />
                <AdditionalAttributes>
                    <Attribute name="TokenProgression">
                        <Contribution name="Tokens" modifier="0.2" />
                        <Contribution name="Skill" />
                    </Attribute>
                </AdditionalAttributes>
                <Sort>
                    <Attribute name="TokenProgression" weighting="1.0" limitdelta="0.6" />
                </Sort>
              <WeightedRandom minimumchance="0.9" maximumchance="1.00206" distanceforminimum="7.4" />
            </Algorithm>
        </Algorithms>
    </MatchMaking>
    
</CloudConfig>
