<?xml version="1.0"?>
<Config><!-- Scoring-->

	<!-- Score Box -->
	<ScoreRollSpeed> 1000 </ScoreRollSpeed>
   
    <!--  Note Score -->
	<SingleNoteScore> 			50		</SingleNoteScore> 	
	<PointsPerHeldNoteSegment> 	1		</PointsPerHeldNoteSegment>
	<HeldNoteSegmentLength> 	0.023f 	</HeldNoteSegmentLength>
	
	<PerfectHitPercentage> 	0.00f 	</PerfectHitPercentage>			<!--  Adds this percentage to the score for a perfect hit -->
	
	<!--  Streak -->
	<StarBoundaryMaxScorePercentage>0.7f</StarBoundaryMaxScorePercentage>
	
	<!-- Vocals Scoring -->
	<VocalScoreIntervalInSecs>		0.025		</VocalScoreIntervalInSecs>
	<VocalScorePointsPerInterval>	25			</VocalScorePointsPerInterval>

	<!-- Star Thresholds specified as % of base score (all notes hit with x1 multiplier)-->
	<OneStar>10</OneStar>
	<TwoStar>25</TwoStar>
	<ThreeStar>100</ThreeStar>
	<FourStar>200</FourStar>
	<FiveStar>300</FiveStar>
	
	<!-- Crowd rating thresholds specified as percentage time spent in the positive video -->
	 <None>0</None>
	 <TwoThumbsDown>0</TwoThumbsDown>
	 <OneThumbDown>35</OneThumbDown>
	 <OneThumbUp>55</OneThumbUp>
	 <TwoThumbsUp>75</TwoThumbsUp>
	 <RockHand>100</RockHand>
</Config>
