<MemoryMap>
	<Pool id="Default" type="Heap" size="58MB" flags="default,track" />
	<Pool id="Heaps" type="Heap" size="299MB" fallbackHeap="Default">
		<Pool id="Small" type="Slot" size="10MB" chunkSize="8kB" flags="small,track" fallbackHeap="Heaps"/>
		<Pool id="EngineReserves" type="Heap" size="25MB" flags="track" fallbackHeap="Heaps"/>
		<Pool id="Storage System" type="Heap" size="768kB" fallbackHeap="Heaps"/>
		<Pool id="Peripheral System" type="Heap" size="150kB" fallbackHeap="Heaps"/>
		<Pool id="User System" type="Heap" size="8kB" fallbackHeap="Heaps"/>
		<Pool id="Event System" type="Heap" size="1MB" fallbackHeap="Heaps"/>
		<Pool id="Audio" type="Heap" size="43MB" fallbackHeap="Heaps">
			<Pool id="AudioSinging" type="Heap" size="512kB" fallbackHeap="Audio"/>
			<Pool id="AudioRuntime" type="Heap" size="10704kB" fallbackHeap="Audio"/> <!--- WiiU has extra 1MB for AudioRuntime -->
			<Pool id="AudioData" type="Heap" size="32304kB" fallbackHeap="Audio">
				<Pool id="AudioGameModeSpecific_Code" type="Heap" size="320kB" fallbackHeap="AudioData"/>
			</Pool>
		</Pool>
		<Pool id="Scaleform" type="Heap" size="137MB" fallbackHeap="Heaps"/>
		<Pool id="Scaleform Assets" type="Heap" size="4MB" fallbackHeap="Heaps"/>
		<Pool id="Dynamic Content" type="Heap" size="4MB" fallbackHeap="Heaps"/>
		<Pool id="Game Players" type="Heap" size="700kB" fallbackHeap="Heaps"/>
		<Pool id="Online" type="Heap" size="6MB" fallbackHeap="Heaps">
		<Pool id="PartialBitmapPool" type="Heap" size="32kB" fallbackHeap="Online"/>
		</Pool>
		<Pool id="Gem Markup" type="Heap" size="2650kB" fallbackHeap="Heaps"/>
		<Pool id="XMK" type="Heap" size="2MB" fallbackHeap="Heaps"/>
		<Pool id="Game Data" type="Heap" size="20kB" fallbackHeap="Heaps"/>
		<Pool id="Temp (Hi)" type="Heap" size="15MB" flags="hi" fallbackHeap="Heaps"/>
		<Pool id="Save" type="Heap" size="1MB" fallbackHeap="Heaps"/>
		<Pool id="SQL" type="Heap" size="2MB" fallbackHeap="Heaps"/>
		<Pool id="HUD" type="Heap" size="18MB" flags="track" fallbackHeap="Heaps">
			<Pool id="HUD (Role 1)" type="Heap" size="5.5MB" fallbackHeap="HUD"/>
			<Pool id="HUD (Role 2)" type="Heap" size="5.5MB" fallbackHeap="HUD"/>
			<Pool id="VocalHUD" type="Heap" size="900KB" fallbackHeap="HUD"/>
		</Pool>
		<Pool id="Telemetry" type="Heap" size="4MB" flags="track" fallbackHeap="Heaps"/>
		<Pool id="GHTV Channels" type="Heap" size="2MB" fallbackHeap="Heaps"/>
		<Pool id="Awards Manager" type="Heap" size="500KB" fallbackHeap="Heaps"/>
		<Pool id="OS Overlay" type="Heap" size="23MB" fallbackHeap="Heaps"/>
	</Pool>
	<Pool id="RamdiscCache" type="Heap" size="93MB" />
	<Pool id="FLAME" type="Heap" size="1MB" />
	<Pool id="GPUHEAP" type="Heap" size="145MB" flags="gpu" >
		<Pool id="HUDGPU" type="SimpleHeap" size="42MB" bookKeepingPool="Default" >
			<Pool id="HUDGPU (Role 1)" type="SimpleHeap" size="15MB" bookKeepingPool="Default" />
			<Pool id="HUDInstanceGPU1" type="SimpleHeap" size="4MB" bookKeepingPool="Default" />
			<Pool id="HUDGPU (Role 2)" type="SimpleHeap" size="15MB" bookKeepingPool="Default" />
			<Pool id="HUDInstanceGPU2" type="SimpleHeap" size="4MB" bookKeepingPool="Default" />
			<Pool id="VocalHUDGPU" type="SimpleHeap" size="1.7MB" bookKeepingPool="Default" />
		</Pool>		
	    <Pool id="HeroPowerGPU" type="SimpleHeap" size="10MB" bookKeepingPool="Default">
			<Pool id="HeroPowerGPU (Role 1)" type="SimpleHeap" size="5MB" bookKeepingPool="Default" />
			<Pool id="HeroPowerGPU (Role 2)" type="SimpleHeap" size="5MB" bookKeepingPool="Default" />
		</Pool>
	</Pool>
	<Pool id="Video System" type="Heap" size="180MB" fallbackHeap="Default"/>
</MemoryMap>
