<config>
	<SwapChain Name="Main" Title="GHLive" Format="R8G8B8A8_UNORM" DepthFormat="D24S8" Width="1024" Height="768" MSAACount="0" MSAAQuality="0" VSync="60Hz" Flags="Primary"/>
	<SwapChain Name="DRC" Title="GHLive" Format="R8G8B8A8_UNORM" DepthFormat="D24S8" Width="1280" Height="720" MSAACount="0" MSAAQuality="0" VSync="60Hz" Flags="DRC|SwapWithPrimary"/>

	<Texture Name="Scene" Format="R8G8B8A8_UNORM" Width="1024" Height="768" MSAACount="0" MSAAQuality="0" Flags="RenderTarget|ShaderResource|ScreenFit"/>
	<Texture Name="SceneDepth" Format="D24S8" SettingsFrom="Scene" Flags="DepthTarget|ScreenFit"/>
	<Texture Name="Bloom" SettingsFrom="Scene"/>
	<Texture Name="BloomScene" SettingsFrom="Scene"/>

	<Texture Name="VideoTarget" Format="R8G8B8A8_UNORM" Width="1024" Height="576" Flags="RenderTarget|ShaderResource"/>
	<Texture Name="VideoTemp" Format="R8G8B8A8_UNORM" Width="1024" Height="576" Flags="RenderTarget|ShaderResource"/>

	<Texture Name="Gaussian0" SettingsFrom="VideoTarget" Width="512" Height="288"/>
	<Texture Name="Gaussian1" SettingsFrom="VideoTarget" Width="256" Height="144"/>
	<Texture Name="Gaussian2" SettingsFrom="VideoTarget" Width="128" Height="72"/>
	<Texture Name="Gaussian3" SettingsFrom="VideoTarget" Width="64" Height="36"/>
	<Texture Name="Gaussian4" SettingsFrom="VideoTarget" Width="32" Height="18"/>
	<Texture Name="Gaussian5" SettingsFrom="VideoTarget" Width="16" Height="9"/>
	<Texture Name="Gaussian6" SettingsFrom="VideoTarget" Width="8" Height="5"/>
	<Texture Name="Gaussian7" SettingsFrom="VideoTarget" Width="4" Height="3"/>
	<Texture Name="Gaussian8" SettingsFrom="VideoTarget" Width="2" Height="2"/>
	<Texture Name="Gaussian9" SettingsFrom="VideoTarget" Width="1" Height="1"/>

	<Texture Name="PostFX" Format="R8G8B8A8_UNORM" SettingsFrom="Scene" Flags="RenderTarget|ShaderResource"/>
</config>